study,report,authors,crop,p_dependency,farm_size,habitat_description,habitat,agr_intensity,distance_m,distance_measure,proportion,radius,richness_all,richness_wild,sites,location,pollinator,taxonomic_resolution,study_design,repeat_measures,sampling_method,sampling_time_min,total_sampling_time_min,source
Banks,Banks,Banks et al. 2013,coffee,Modest (10-40%),Medium (2-15 ha),forest (at least 0.5 ha in size),natural forest,high,13,estimated,NA,NA,1,NA,12,m18 adjacent,Hymenoptera,other,single distance per site,1,passive,1440,NA,corresponding author(s)
Banks,Banks,Banks et al. 2013,coffee,Modest (10-40%),Medium (2-15 ha),forest (at least 0.5 ha in size),natural forest,high,48,estimated,NA,NA,0,NA,12,g15 adjacent,Hymenoptera,other,single distance per site,1,passive,1440,NA,corresponding author(s)
Banks,Banks,Banks et al. 2013,coffee,Modest (10-40%),Medium (2-15 ha),forest (at least 0.5 ha in size),natural forest,high,73,estimated,NA,NA,0,NA,12,g11 adjacent,Hymenoptera,other,single distance per site,1,passive,1440,NA,corresponding author(s)
Banks,Banks,Banks et al. 2013,coffee,Modest (10-40%),Medium (2-15 ha),forest (at least 0.5 ha in size),natural forest,high,55,estimated,NA,NA,1,NA,12,m17 adjacent,Hymenoptera,other,single distance per site,1,passive,1440,NA,corresponding author(s)
Banks,Banks,Banks et al. 2013,coffee,Modest (10-40%),Medium (2-15 ha),forest (at least 0.5 ha in size),natural forest,high,0,estimated,NA,NA,1,NA,12,g9 adjacent,Hymenoptera,other,single distance per site,1,passive,1440,NA,corresponding author(s)
Banks,Banks,Banks et al. 2013,coffee,Modest (10-40%),Medium (2-15 ha),forest (at least 0.5 ha in size),natural forest,high,55,estimated,NA,NA,0,NA,12,g3 adjacent,Hymenoptera,other,single distance per site,1,passive,1440,NA,corresponding author(s)
Banks,Banks,Banks et al. 2013,coffee,Modest (10-40%),Medium (2-15 ha),forest (at least 0.5 ha in size),natural forest,high,230,estimated,NA,NA,1,NA,12,g4 isolated,Hymenoptera,other,single distance per site,1,passive,1440,NA,corresponding author(s)
Banks,Banks,Banks et al. 2013,coffee,Modest (10-40%),Medium (2-15 ha),forest (at least 0.5 ha in size),natural forest,high,305,estimated,NA,NA,1,NA,12,g23 isolated,Hymenoptera,other,single distance per site,1,passive,1440,NA,corresponding author(s)
Banks,Banks,Banks et al. 2013,coffee,Modest (10-40%),Medium (2-15 ha),forest (at least 0.5 ha in size),natural forest,high,174,estimated,NA,NA,1,NA,12,g29 isolated,Hymenoptera,other,single distance per site,1,passive,1440,NA,corresponding author(s)
Banks,Banks,Banks et al. 2013,coffee,Modest (10-40%),Medium (2-15 ha),forest (at least 0.5 ha in size),natural forest,high,207,estimated,NA,NA,1,NA,12,g13 isolated,Hymenoptera,other,single distance per site,1,passive,1440,NA,corresponding author(s)
Banks,Banks,Banks et al. 2013,coffee,Modest (10-40%),Medium (2-15 ha),forest (at least 0.5 ha in size),natural forest,high,115,estimated,NA,NA,1,NA,12,g8 isolated,Hymenoptera,other,single distance per site,1,passive,1440,NA,corresponding author(s)
Banks,Banks,Banks et al. 2013,coffee,Modest (10-40%),Medium (2-15 ha),forest (at least 0.5 ha in size),natural forest,high,230,estimated,NA,NA,1,NA,12,g39 isolated,Hymenoptera,other,single distance per site,1,passive,1440,NA,corresponding author(s)
Basu,Basu,Basu et al. 2016,vegetable crops,NA,6.419933041,"forest, natural vegetation, fallow land",other,both,34.93,reported,NA,NA,10,9,12,Amitadebbarma,Bees,morphospecies,single distance per site,189,passive,1440,272160,corresponding author(s)
Basu,Basu,Basu et al. 2016,vegetable crops,NA,6.954927461,"forest, natural vegetation, fallow land",other,both,7.75,reported,NA,NA,19,18,12,Brahmachara,Bees,morphospecies,single distance per site,189,passive,1440,272160,corresponding author(s)
Basu,Basu,Basu et al. 2016,vegetable crops,NA,NA,"forest, natural vegetation, fallow land",other,both,8.26,reported,NA,NA,15,14,12,Champaknagar,Bees,morphospecies,single distance per site,189,passive,1440,272160,corresponding author(s)
Basu,Basu,Basu et al. 2016,vegetable crops,NA,3.47746373,"forest, natural vegetation, fallow land",other,both,331.43,reported,NA,NA,18,17,12,Emanuel Para,Bees,morphospecies,single distance per site,189,passive,1440,272160,corresponding author(s)
Basu,Basu,Basu et al. 2016,vegetable crops,NA,2.40747489,"forest, natural vegetation, fallow land",other,both,69.41,reported,NA,NA,20,19,12,Ghaniamara,Bees,morphospecies,single distance per site,189,passive,1440,272160,corresponding author(s)
Basu,Basu,Basu et al. 2016,vegetable crops,NA,13.3748605,"forest, natural vegetation, fallow land",other,both,27.74,reported,NA,NA,19,18,12,Ghilatali,Bees,morphospecies,single distance per site,189,passive,1440,272160,corresponding author(s)
Basu,Basu,Basu et al. 2016,vegetable crops,NA,5.082446991,"forest, natural vegetation, fallow land",other,both,14.54,reported,NA,NA,18,18,12,Kamalnagar,Bees,morphospecies,single distance per site,189,passive,1440,272160,corresponding author(s)
Basu,Basu,Basu et al. 2016,vegetable crops,NA,7.222424671,"forest, natural vegetation, fallow land",other,both,4.31,reported,NA,NA,19,18,12,Krishnapur,Bees,morphospecies,single distance per site,189,passive,1440,272160,corresponding author(s)
Basu,Basu,Basu et al. 2016,vegetable crops,NA,6.152435831,"forest, natural vegetation, fallow land",other,both,18.6,reported,NA,NA,16,16,12,ONGC,Bees,morphospecies,single distance per site,189,passive,1440,272160,corresponding author(s)
Basu,Basu,Basu et al. 2016,vegetable crops,NA,5.884938621,"forest, natural vegetation, fallow land",other,both,27.67,reported,NA,NA,19,19,12,Palpara,Bees,morphospecies,single distance per site,189,passive,1440,272160,corresponding author(s)
Basu,Basu,Basu et al. 2016,vegetable crops,NA,9.362402351,"forest, natural vegetation, fallow land",other,both,23.08,reported,NA,NA,21,20,12,Totabari,Bees,morphospecies,single distance per site,189,passive,1440,272160,corresponding author(s)
Basu,Basu,Basu et al. 2016,vegetable crops,NA,6.954927461,"forest, natural vegetation, fallow land",other,both,129.92,reported,NA,NA,21,20,12,Trinu Baidya Jhum,Bees,morphospecies,single distance per site,189,passive,1440,272160,corresponding author(s)
Deepthi,Deepthi,Deepthi et al 2019,coffea canephora,Great (40-90%),12,riparian forest ,natural forest,high,10,reported,NA,NA,2,2,10,C01,Bees,morphospecies,nested design,5,active,15,300,corresponding author(s)
Deepthi,Deepthi,Deepthi et al 2019,coffea canephora,Great (40-90%),12,riparian forest ,natural forest,high,60,reported,NA,NA,3,3,10,C01,Bees,morphospecies,nested design,5,active,15,300,corresponding author(s)
Deepthi,Deepthi,Deepthi et al 2019,coffea canephora,Great (40-90%),12,riparian forest ,natural forest,high,10,reported,NA,NA,4,4,10,C02,Bees,morphospecies,nested design,5,active,15,300,corresponding author(s)
Deepthi,Deepthi,Deepthi et al 2019,coffea canephora,Great (40-90%),12,riparian forest ,natural forest,high,30,reported,NA,NA,4,4,10,C02,Bees,morphospecies,nested design,5,active,15,300,corresponding author(s)
Deepthi,Deepthi,Deepthi et al 2019,coffea canephora,Great (40-90%),12,riparian forest ,natural forest,high,60,reported,NA,NA,4,4,10,C02,Bees,morphospecies,nested design,5,active,15,300,corresponding author(s)
Deepthi,Deepthi,Deepthi et al 2019,coffea canephora,Great (40-90%),4,riparian forest ,natural forest,high,10,reported,NA,NA,4,4,10,C03,Bees,morphospecies,nested design,5,active,15,300,corresponding author(s)
Deepthi,Deepthi,Deepthi et al 2019,coffea canephora,Great (40-90%),4,riparian forest ,natural forest,high,30,reported,NA,NA,4,4,10,C03,Bees,morphospecies,nested design,5,active,15,300,corresponding author(s)
Deepthi,Deepthi,Deepthi et al 2019,coffea canephora,Great (40-90%),4,riparian forest ,natural forest,high,60,reported,NA,NA,4,4,10,C03,Bees,morphospecies,nested design,5,active,15,300,corresponding author(s)
Deepthi,Deepthi,Deepthi et al 2019,coffea canephora,Great (40-90%),3,riparian forest ,natural forest,high,30,reported,NA,NA,3,3,10,C04,Bees,morphospecies,nested design,5,active,15,300,corresponding author(s)
Deepthi,Deepthi,Deepthi et al 2019,coffea canephora,Great (40-90%),10,riparian forest ,natural forest,high,10,reported,NA,NA,3,3,10,C05,Bees,morphospecies,nested design,5,active,15,300,corresponding author(s)
Deepthi,Deepthi,Deepthi et al 2019,coffea canephora,Great (40-90%),10,riparian forest ,natural forest,high,30,reported,NA,NA,3,3,10,C05,Bees,morphospecies,nested design,5,active,15,300,corresponding author(s)
Deepthi,Deepthi,Deepthi et al 2019,coffea canephora,Great (40-90%),10,riparian forest ,natural forest,high,60,reported,NA,NA,2,2,10,C05,Bees,morphospecies,nested design,5,active,15,300,corresponding author(s)
Deepthi,Deepthi,Deepthi et al 2019,coffea canephora,Great (40-90%),4,riparian forest ,natural forest,high,10,reported,NA,NA,4,4,10,C06,Bees,morphospecies,nested design,5,active,15,300,corresponding author(s)
Deepthi,Deepthi,Deepthi et al 2019,coffea canephora,Great (40-90%),4,riparian forest ,natural forest,high,30,reported,NA,NA,4,4,10,C06,Bees,morphospecies,nested design,5,active,15,300,corresponding author(s)
Deepthi,Deepthi,Deepthi et al 2019,coffea canephora,Great (40-90%),4,riparian forest ,natural forest,high,60,reported,NA,NA,4,4,10,C06,Bees,morphospecies,nested design,5,active,15,300,corresponding author(s)
Deepthi,Deepthi,Deepthi et al 2019,coffea canephora,Great (40-90%),4,riparian forest ,natural forest,high,10,reported,NA,NA,3,3,10,C07,Bees,morphospecies,nested design,5,active,15,300,corresponding author(s)
Deepthi,Deepthi,Deepthi et al 2019,coffea canephora,Great (40-90%),4,riparian forest ,natural forest,high,30,reported,NA,NA,4,4,10,C07,Bees,morphospecies,nested design,5,active,15,300,corresponding author(s)
Deepthi,Deepthi,Deepthi et al 2019,coffea canephora,Great (40-90%),4,riparian forest ,natural forest,high,60,reported,NA,NA,4,4,10,C07,Bees,morphospecies,nested design,5,active,15,300,corresponding author(s)
Deepthi,Deepthi,Deepthi et al 2019,coffea canephora,Great (40-90%),8,riparian forest ,natural forest,high,30,reported,NA,NA,2,2,10,C08,Bees,morphospecies,nested design,5,active,15,300,corresponding author(s)
Deepthi,Deepthi,Deepthi et al 2019,coffea canephora,Great (40-90%),8,riparian forest ,natural forest,high,60,reported,NA,NA,2,2,10,C08,Bees,morphospecies,nested design,5,active,15,300,corresponding author(s)
Deepthi,Deepthi,Deepthi et al 2019,coffea canephora,Great (40-90%),10,riparian forest ,natural forest,high,10,reported,NA,NA,4,4,10,C09,Bees,morphospecies,nested design,5,active,15,300,corresponding author(s)
Deepthi,Deepthi,Deepthi et al 2019,coffea canephora,Great (40-90%),10,riparian forest ,natural forest,high,60,reported,NA,NA,4,4,10,C09,Bees,morphospecies,nested design,5,active,15,300,corresponding author(s)
Deepthi,Deepthi,Deepthi et al 2019,coffea canephora,Great (40-90%),8,riparian forest ,natural forest,high,10,reported,NA,NA,3,3,10,C11,Bees,morphospecies,nested design,5,active,15,300,corresponding author(s)
Deepthi,Deepthi,Deepthi et al 2019,coffea canephora,Great (40-90%),8,riparian forest ,natural forest,high,30,reported,NA,NA,4,4,10,C11,Bees,morphospecies,nested design,5,active,15,300,corresponding author(s)
Deepthi,Deepthi,Deepthi et al 2019,coffea canephora,Great (40-90%),8,riparian forest ,natural forest,high,60,reported,NA,NA,4,4,10,C11,Bees,morphospecies,nested design,5,active,15,300,corresponding author(s)
Deepthi,Deepthi,Deepthi et al 2019,coffea canephora,Great (40-90%),12,riparian forest ,natural forest,high,30,reported,NA,NA,2,2,10,C01,Bees,morphospecies,nested design,6,active,15,360,corresponding author(s)
Deepthi,Deepthi,Deepthi et al 2019,coffea canephora,Great (40-90%),3,riparian forest ,natural forest,high,10,reported,NA,NA,3,3,10,C04,Bees,morphospecies,nested design,6,active,15,360,corresponding author(s)
Deepthi,Deepthi,Deepthi et al 2019,coffea canephora,Great (40-90%),3,riparian forest ,natural forest,high,60,reported,NA,NA,3,3,10,C04,Bees,morphospecies,nested design,6,active,15,360,corresponding author(s)
Deepthi,Deepthi,Deepthi et al 2019,coffea canephora,Great (40-90%),8,riparian forest ,natural forest,high,10,reported,NA,NA,3,3,10,C08,Bees,morphospecies,nested design,6,active,15,360,corresponding author(s)
Deepthi,Deepthi,Deepthi et al 2019,coffea canephora,Great (40-90%),10,riparian forest ,natural forest,high,30,reported,NA,NA,3,3,10,C09,Bees,morphospecies,nested design,6,active,15,360,corresponding author(s)
Enriquez,Enriquez,Enriquez et al. 2015,squash,Essential (90-100%),Small (<1ha),"secondary vegetation, incl. large forest fragments (>300ha)",other,low,96.91,reported,NA,NA,6,5,10,PU1,Bees,morphospecies,single distance per site,2,active,3,NA,corresponding author(s)
Enriquez,Enriquez,Enriquez et al. 2015,squash,Essential (90-100%),Small (<1ha),"secondary vegetation, incl. large forest fragments (>300ha)",other,low,88.48,reported,NA,NA,6,5,10,PU2,Bees,morphospecies,single distance per site,2,active,3,NA,corresponding author(s)
Enriquez,Enriquez,Enriquez et al. 2015,squash,Essential (90-100%),Small (<1ha),"secondary vegetation, incl. large forest fragments (>300ha)",other,low,28.46,reported,NA,NA,6,5,10,RE1,Bees,morphospecies,single distance per site,2,active,3,NA,corresponding author(s)
Enriquez,Enriquez,Enriquez et al. 2015,squash,Essential (90-100%),Small (<1ha),"secondary vegetation, incl. large forest fragments (>300ha)",other,low,21.51,reported,NA,NA,9,8,10,PA2,Bees,morphospecies,single distance per site,2,active,3,NA,corresponding author(s)
Enriquez,Enriquez,Enriquez et al. 2015,squash,Essential (90-100%),Small (<1ha),"secondary vegetation, incl. large forest fragments (>300ha)",other,low,12.51,reported,NA,NA,9,8,10,CH1,Bees,morphospecies,single distance per site,2,active,3,NA,corresponding author(s)
Enriquez,Enriquez,Enriquez et al. 2015,squash,Essential (90-100%),Small (<1ha),"secondary vegetation, incl. large forest fragments (>300ha)",other,low,124.62,reported,NA,NA,14,13,10,CH2,Bees,morphospecies,single distance per site,2,active,3,NA,corresponding author(s)
Enriquez,Enriquez,Enriquez et al. 2015,squash,Essential (90-100%),Small (<1ha),"secondary vegetation, incl. large forest fragments (>300ha)",other,low,60.38,reported,NA,NA,9,8,10,RE2,Bees,morphospecies,single distance per site,2,active,3,NA,corresponding author(s)
Enriquez,Enriquez,Enriquez et al. 2015,squash,Essential (90-100%),Small (<1ha),"secondary vegetation, incl. large forest fragments (>300ha)",other,low,151.37,reported,NA,NA,8,7,10,RE3,Bees,morphospecies,single distance per site,2,active,3,NA,corresponding author(s)
Enriquez,Enriquez,Enriquez et al. 2015,squash,Essential (90-100%),Small (<1ha),"secondary vegetation, incl. large forest fragments (>300ha)",other,low,111.03,reported,NA,NA,5,4,10,UB1,Bees,morphospecies,single distance per site,2,active,3,NA,corresponding author(s)
Enriquez,Enriquez,Enriquez et al. 2015,squash,Essential (90-100%),Small (<1ha),"secondary vegetation, incl. large forest fragments (>300ha)",other,low,239.01,reported,NA,NA,7,6,10,UB2,Bees,morphospecies,single distance per site,2,active,3,NA,corresponding author(s)
Escobedo(a),Escobedo(a),Escobedo-Kenefic et al. 2022,general flowering plant community,NA,"0.11 - 1ha (1,100 - 10,000 square meters)","forest and seminatural vegetation (small trees, bushes and weeds)",other,high,750,estimated,12.31,1000,23,22,8,CH1,Insecta,other,single distance per site,1,active,180,180,corresponding author(s)
Escobedo(a),Escobedo(a),Escobedo-Kenefic et al. 2022,general flowering plant community,NA,"0.11 - 1ha (1,100 - 10,000 square meters)","forest and seminatural vegetation (small trees, bushes and weeds)",other,high,0,estimated,22.91,1000,16,15,8,CH2,Insecta,other,single distance per site,1,active,180,180,corresponding author(s)
Escobedo(a),Escobedo(a),Escobedo-Kenefic et al. 2022,general flowering plant community,NA,"0.11 - 1ha (1,100 - 10,000 square meters)","forest and seminatural vegetation (small trees, bushes and weeds)",other,high,710,estimated,8.68,1000,17,17,8,CH3,Insecta,other,single distance per site,1,active,180,180,corresponding author(s)
Escobedo(a),Escobedo(a),Escobedo-Kenefic et al. 2022,general flowering plant community,NA,"0.11 - 1ha (1,100 - 10,000 square meters)","forest and seminatural vegetation (small trees, bushes and weeds)",other,high,450,estimated,25.95,1000,13,13,8,CH4,Insecta,other,single distance per site,1,active,180,180,corresponding author(s)
Escobedo(a),Escobedo(a),Escobedo-Kenefic et al. 2022,general flowering plant community,NA,"0.11 - 1ha (1,100 - 10,000 square meters)","forest and seminatural vegetation (small trees, bushes and weeds)",other,high,400,estimated,23.84,1000,12,11,8,CH5,Insecta,other,single distance per site,1,active,180,180,corresponding author(s)
Escobedo(a),Escobedo(a),Escobedo-Kenefic et al. 2022,general flowering plant community,NA,"0.11 - 1ha (1,100 - 10,000 square meters)","forest and seminatural vegetation (small trees, bushes and weeds)",other,high,220,estimated,17.76,1000,13,12,8,CH7,Insecta,other,single distance per site,1,active,180,180,corresponding author(s)
Escobedo(a),Escobedo(a),Escobedo-Kenefic et al. 2022,general flowering plant community,NA,"0.11 - 1ha (1,100 - 10,000 square meters)","forest and seminatural vegetation (small trees, bushes and weeds)",other,high,230,estimated,23.57,1000,23,23,8,CH8,Insecta,other,single distance per site,1,active,180,180,corresponding author(s)
Escobedo(a),Escobedo(a),Escobedo-Kenefic et al. 2022,general flowering plant community,NA,"0.11 - 1ha (1,100 - 10,000 square meters)","forest and seminatural vegetation (small trees, bushes and weeds)",other,high,200,estimated,25.13,1000,14,14,8,CH9,Insecta,other,single distance per site,1,active,180,180,corresponding author(s)
Geeraert,Geeraert,Geeraert et al. 2020,coffee,Modest (10-40%),0.73,coffee production agroforest,other,low,120,estimated,20.74,300,5.333333333,4.666666667,15,Plot01,Bees,morphospecies,single distance per site,12,passive,27360,328320,corresponding author(s)
Geeraert,Geeraert,Geeraert et al. 2020,coffee,Modest (10-40%),0.01,coffee production agroforest,other,low,40,estimated,17.19,300,8,7.333333333,15,Plot02,Bees,morphospecies,single distance per site,12,passive,27360,328320,corresponding author(s)
Geeraert,Geeraert,Geeraert et al. 2020,coffee,Modest (10-40%),0.19,coffee production agroforest,other,low,80,estimated,20.51,300,6.666666667,6,15,Plot03,Bees,morphospecies,single distance per site,12,passive,27360,328320,corresponding author(s)
Geeraert,Geeraert,Geeraert et al. 2020,coffee,Modest (10-40%),0.31,coffee production agroforest,other,low,80,estimated,17.68,300,9.333333333,8.666666667,15,Plot04,Bees,morphospecies,single distance per site,12,passive,27360,328320,corresponding author(s)
Geeraert,Geeraert,Geeraert et al. 2020,coffee,Modest (10-40%),1.36,coffee production agroforest,other,low,85,estimated,17.22,300,4.666666667,4,15,Plot05,Bees,morphospecies,single distance per site,12,passive,27360,328320,corresponding author(s)
Geeraert,Geeraert,Geeraert et al. 2020,coffee,Modest (10-40%),0.79,coffee production agroforest,other,low,90,estimated,18.96,300,5.333333333,4.666666667,15,Plot06,Bees,morphospecies,single distance per site,12,passive,27360,328320,corresponding author(s)
Geeraert,Geeraert,Geeraert et al. 2020,coffee,Modest (10-40%),1.12,coffee production agroforest,other,low,65,estimated,18.48,300,6.666666667,6,15,Plot07,Bees,morphospecies,single distance per site,12,passive,27360,328320,corresponding author(s)
Geeraert,Geeraert,Geeraert et al. 2020,coffee,Modest (10-40%),4.03,coffee production agroforest,other,low,250,estimated,15.16,300,6.666666667,6,15,Plot08.1,Bees,morphospecies,single distance per site,12,passive,27360,328320,corresponding author(s)
Geeraert,Geeraert,Geeraert et al. 2020,coffee,Modest (10-40%),4.03,coffee production agroforest,other,low,220,estimated,20.53,300,4.285714284,3.428571428,15,Plot08.2,Bees,morphospecies,single distance per site,12,passive,27360,328320,corresponding author(s)
Geeraert,Geeraert,Geeraert et al. 2020,coffee,Modest (10-40%),2.35,coffee production agroforest,other,low,210,estimated,19.66,300,4,3,15,Plot09,Bees,morphospecies,single distance per site,12,passive,27360,328320,corresponding author(s)
Geeraert,Geeraert,Geeraert et al. 2020,coffee,Modest (10-40%),0.74,coffee production agroforest,other,low,110,estimated,13.36,300,6,5.333333333,15,Plot10,Bees,morphospecies,single distance per site,12,passive,27360,328320,corresponding author(s)
Geeraert,Geeraert,Geeraert et al. 2020,coffee,Modest (10-40%),0.83,coffee production agroforest,other,low,100,estimated,18.75,300,4.666666667,4,15,Plot11,Bees,morphospecies,single distance per site,12,passive,27360,328320,corresponding author(s)
Geeraert,Geeraert,Geeraert et al. 2020,coffee,Modest (10-40%),1.47,coffee production agroforest,other,low,110,estimated,26.01,300,5.333333333,4.666666667,15,Plot12,Bees,morphospecies,single distance per site,12,passive,27360,328320,corresponding author(s)
Geeraert,Geeraert,Geeraert et al. 2020,coffee,Modest (10-40%),1.06,coffee production agroforest,other,low,135,estimated,19.09,300,4,3.333333333,15,Plot13,Bees,morphospecies,single distance per site,12,passive,27360,328320,corresponding author(s)
Geeraert,Geeraert,Geeraert et al. 2020,coffee,Modest (10-40%),2.8,coffee production agroforest,other,low,115,estimated,24.57,300,2.666666667,2,15,Plot14,Bees,morphospecies,single distance per site,12,passive,27360,328320,corresponding author(s)
Geeraert,Geeraert,Geeraert et al. 2020,coffee,Modest (10-40%),12.6,coffee production agroforest,other,low,390,estimated,48.12,300,7.333333333,6.666666667,15,Plot16.1,Bees,morphospecies,single distance per site,12,passive,27360,328320,corresponding author(s)
Geeraert,Geeraert,Geeraert et al. 2020,coffee,Modest (10-40%),12.6,coffee production agroforest,other,low,170,estimated,47.38,300,3.333333333,2.666666667,15,Plot16.2,Bees,morphospecies,single distance per site,12,passive,27360,328320,corresponding author(s)
Geeraert,Geeraert,Geeraert et al. 2020,coffee,Modest (10-40%),12.6,coffee production agroforest,other,low,160,estimated,45,300,2,1.333333333,15,Plot16.3,Bees,morphospecies,single distance per site,12,passive,27360,328320,corresponding author(s)
Gemmill,Gemmill,Gemmill-Herren and Ochieng' 2008,eggplant,Great (40-90%),<2ha,forest,natural forest,high,25,reported,NA,NA,7,7,5,block1,Bees,morphospecies,single distance per site,NA,active,10,NA,open access data (Ricketts et al. 2008)
Gemmill,Gemmill,Gemmill-Herren and Ochieng' 2008,eggplant,Great (40-90%),<2ha,forest,natural forest,high,25,reported,NA,NA,7,7,5,block2,Bees,morphospecies,single distance per site,NA,active,10,NA,open access data (Ricketts et al. 2008)
Gemmill,Gemmill,Gemmill-Herren and Ochieng' 2008,eggplant,Great (40-90%),<2ha,forest,natural forest,high,25,reported,NA,NA,7,7,5,block3,Bees,morphospecies,single distance per site,NA,active,10,NA,open access data (Ricketts et al. 2008)
Gemmill,Gemmill,Gemmill-Herren and Ochieng' 2008,eggplant,Great (40-90%),<2ha,forest,natural forest,high,25,reported,NA,NA,7,7,5,block4,Bees,morphospecies,single distance per site,NA,active,10,NA,open access data (Ricketts et al. 2008)
Gemmill,Gemmill,Gemmill-Herren and Ochieng' 2008,eggplant,Great (40-90%),<2ha,forest,natural forest,high,25,reported,NA,NA,7,7,5,block5,Bees,morphospecies,single distance per site,NA,active,10,NA,open access data (Ricketts et al. 2008)
Gemmill,Gemmill,Gemmill-Herren and Ochieng' 2008,eggplant,Great (40-90%),<2ha,forest,natural forest,high,75,reported,NA,NA,7,7,5,block1,Bees,morphospecies,single distance per site,NA,active,10,NA,open access data (Ricketts et al. 2008)
Gemmill,Gemmill,Gemmill-Herren and Ochieng' 2008,eggplant,Great (40-90%),<2ha,forest,natural forest,high,75,reported,NA,NA,7,7,5,block2,Bees,morphospecies,single distance per site,NA,active,10,NA,open access data (Ricketts et al. 2008)
Gemmill,Gemmill,Gemmill-Herren and Ochieng' 2008,eggplant,Great (40-90%),<2ha,forest,natural forest,high,75,reported,NA,NA,7,7,5,block3,Bees,morphospecies,single distance per site,NA,active,10,NA,open access data (Ricketts et al. 2008)
Gemmill,Gemmill,Gemmill-Herren and Ochieng' 2008,eggplant,Great (40-90%),<2ha,forest,natural forest,high,75,reported,NA,NA,7,7,5,block4,Bees,morphospecies,single distance per site,NA,active,10,NA,open access data (Ricketts et al. 2008)
Gemmill,Gemmill,Gemmill-Herren and Ochieng' 2008,eggplant,Great (40-90%),<2ha,forest,natural forest,high,75,reported,NA,NA,7,7,5,block5,Bees,morphospecies,single distance per site,NA,active,10,NA,open access data (Ricketts et al. 2008)
Gemmill,Gemmill,Gemmill-Herren and Ochieng' 2008,eggplant,Great (40-90%),<2ha,forest,natural forest,high,150,reported,NA,NA,7,7,5,block1,Bees,morphospecies,single distance per site,NA,active,10,NA,open access data (Ricketts et al. 2008)
Gemmill,Gemmill,Gemmill-Herren and Ochieng' 2008,eggplant,Great (40-90%),<2ha,forest,natural forest,high,150,reported,NA,NA,7,7,5,block2,Bees,morphospecies,single distance per site,NA,active,10,NA,open access data (Ricketts et al. 2008)
Gemmill,Gemmill,Gemmill-Herren and Ochieng' 2008,eggplant,Great (40-90%),<2ha,forest,natural forest,high,150,reported,NA,NA,7,7,5,block3,Bees,morphospecies,single distance per site,NA,active,10,NA,open access data (Ricketts et al. 2008)
Gemmill,Gemmill,Gemmill-Herren and Ochieng' 2008,eggplant,Great (40-90%),<2ha,forest,natural forest,high,150,reported,NA,NA,7,7,5,block4,Bees,morphospecies,single distance per site,NA,active,10,NA,open access data (Ricketts et al. 2008)
Gemmill,Gemmill,Gemmill-Herren and Ochieng' 2008,eggplant,Great (40-90%),<2ha,forest,natural forest,high,150,reported,NA,NA,7,7,5,block5,Bees,morphospecies,single distance per site,NA,active,10,NA,open access data (Ricketts et al. 2008)
Hansen,Hansen,Hansen et al. 2020,guava,Little (0-10%),Medium (2 - 8 ha),forest (evergreen forest defined as areas dominated by trees generally 5-40m tall and 20% of total vegetation cover),natural forest,high,370.66,reported,15.625,1000,9,NA,6,farm 1,Insecta,morphospecies,single distance per site,10,active,5,50,open access data
Hansen,Hansen,Hansen et al. 2020,guava,Little (0-10%),Medium (2 - 8 ha),forest (evergreen forest defined as areas dominated by trees generally 5-40m tall and 20% of total vegetation cover),natural forest,high,752,reported,0.000005,1000,4,NA,6,farm 2,Insecta,morphospecies,single distance per site,10,active,5,50,open access data
Hansen,Hansen,Hansen et al. 2020,guava,Little (0-10%),Medium (2 - 8 ha),forest (evergreen forest defined as areas dominated by trees generally 5-40m tall and 20% of total vegetation cover),natural forest,high,5475,reported,0,1000,3,NA,6,farm 3,Insecta,morphospecies,single distance per site,10,active,5,50,open access data
Hansen,Hansen,Hansen et al. 2020,guava,Little (0-10%),Medium (2 - 8 ha),forest (evergreen forest defined as areas dominated by trees generally 5-40m tall and 20% of total vegetation cover),natural forest,high,769.82,reported,2.33463035,1000,12,NA,6,farm 4,Insecta,morphospecies,single distance per site,10,active,5,50,open access data
Hansen,Hansen,Hansen et al. 2020,guava,Little (0-10%),Medium (2 - 8 ha),forest (evergreen forest defined as areas dominated by trees generally 5-40m tall and 20% of total vegetation cover),natural forest,high,8676,reported,3.474903475,1000,6,NA,6,farm 5,Insecta,morphospecies,single distance per site,10,active,5,50,open access data
Hansen,Hansen,Hansen et al. 2020,guava,Little (0-10%),Medium (2 - 8 ha),forest (evergreen forest defined as areas dominated by trees generally 5-40m tall and 20% of total vegetation cover),natural forest,high,7070,reported,0,1000,1,NA,6,farm 6,Insecta,morphospecies,single distance per site,10,active,5,50,open access data
Hass,Hass,Hass et al. 2018,rice,None or unknown (0%) ,5,other (agroforests),other,high,255,reported,NA,NA,1,1,16,PH_1_R_2,Bees,morphospecies,single distance per site,4,active,15,60,corresponding author(s)
Hass,Hass,Hass et al. 2018,rice,None or unknown (0%) ,6,other (agroforests),other,high,0,reported,NA,NA,4,4,16,PH_1_R_1,Bees,morphospecies,single distance per site,4,active,15,60,corresponding author(s)
Hass,Hass,Hass et al. 2018,rice,None or unknown (0%) ,0.5,other (agroforests),other,high,125,reported,NA,NA,2,2,16,PH_1_R_4,Bees,morphospecies,single distance per site,4,active,15,60,corresponding author(s)
Hass,Hass,Hass et al. 2018,rice,None or unknown (0%) ,NA,other (agroforests),other,high,0,reported,NA,NA,2,2,16,PH_1_R_3,Bees,morphospecies,single distance per site,4,active,15,60,corresponding author(s)
Hass,Hass,Hass et al. 2018,rice,None or unknown (0%) ,NA,other (agroforests),other,high,230,reported,NA,NA,2,2,16,PH_1_R_6,Bees,morphospecies,single distance per site,4,active,15,60,corresponding author(s)
Hass,Hass,Hass et al. 2018,rice,None or unknown (0%) ,2,other (agroforests),other,high,0,reported,NA,NA,6,6,16,PH_1_R_5,Bees,morphospecies,single distance per site,4,active,15,60,corresponding author(s)
Hass,Hass,Hass et al. 2018,rice,None or unknown (0%) ,2,other (agroforests),other,high,60,reported,NA,NA,4,4,16,PH_1_R_8,Bees,morphospecies,single distance per site,4,active,15,60,corresponding author(s)
Hass,Hass,Hass et al. 2018,rice,None or unknown (0%) ,0.3,other (agroforests),other,high,0,reported,NA,NA,3,3,16,PH_1_R_7,Bees,morphospecies,single distance per site,4,active,15,60,corresponding author(s)
Hass,Hass,Hass et al. 2018,rice,None or unknown (0%) ,5,other (agroforests),other,high,165,reported,NA,NA,1,1,16,PH_1_R_10,Bees,morphospecies,single distance per site,4,active,15,60,corresponding author(s)
Hass,Hass,Hass et al. 2018,rice,None or unknown (0%) ,NA,other (agroforests),other,high,0,reported,NA,NA,3,3,16,PH_1_R_9,Bees,morphospecies,single distance per site,4,active,15,60,corresponding author(s)
Hass,Hass,Hass et al. 2018,rice,None or unknown (0%) ,NA,other (agroforests),other,high,130,reported,NA,NA,1,1,16,PH_1A_R_12,Bees,morphospecies,single distance per site,4,active,15,60,corresponding author(s)
Hass,Hass,Hass et al. 2018,rice,None or unknown (0%) ,NA,other (agroforests),other,high,0,reported,NA,NA,1,1,16,PH_1A_R_11,Bees,morphospecies,single distance per site,4,active,15,60,corresponding author(s)
Hass,Hass,Hass et al. 2018,rice,None or unknown (0%) ,NA,other (agroforests),other,high,150,reported,NA,NA,1,1,16,PH_1A_R_14,Bees,morphospecies,single distance per site,4,active,15,60,corresponding author(s)
Hass,Hass,Hass et al. 2018,rice,None or unknown (0%) ,NA,other (agroforests),other,high,0,reported,NA,NA,1,1,16,PH_1A_R_13,Bees,morphospecies,single distance per site,4,active,15,60,corresponding author(s)
Hass,Hass,Hass et al. 2018,rice,None or unknown (0%) ,NA,other (agroforests),other,high,125,reported,NA,NA,2,2,16,PH_1A_R_16,Bees,morphospecies,single distance per site,4,active,15,60,corresponding author(s)
Hass,Hass,Hass et al. 2018,rice,None or unknown (0%) ,NA,other (agroforests),other,high,0,reported,NA,NA,7,7,16,PH_1A_R_15,Bees,morphospecies,single distance per site,4,active,15,60,corresponding author(s)
Hipolito,Hipolito,Hipolito et al. 2019,coffee,Modest (10-40%),14.2306,natural vegetation,other,both,865,reported,NA,NA,3,NA,19,C02,Insecta,other,single distance per site,1,active,20,20,corresponding author(s)
Hipolito,Hipolito,Hipolito et al. 2019,coffee,Modest (10-40%),12.7014,natural vegetation,other,both,400,reported,NA,NA,2,NA,19,C03,Insecta,other,single distance per site,1,active,20,20,corresponding author(s)
Hipolito,Hipolito,Hipolito et al. 2019,coffee,Modest (10-40%),12.2509,natural vegetation,other,both,69,reported,NA,NA,2,NA,19,O03,Insecta,other,single distance per site,1,active,20,20,corresponding author(s)
Hipolito,Hipolito,Hipolito et al. 2019,coffee,Modest (10-40%),10.3556,natural vegetation,other,both,293,reported,NA,NA,3,NA,19,O09,Insecta,other,single distance per site,1,active,20,20,corresponding author(s)
Hipolito,Hipolito,Hipolito et al. 2019,coffee,Modest (10-40%),9.2636,natural vegetation,other,both,337,reported,NA,NA,3,NA,19,C07,Insecta,other,single distance per site,1,active,20,20,corresponding author(s)
Hipolito,Hipolito,Hipolito et al. 2019,coffee,Modest (10-40%),7.7328,natural vegetation,other,both,285,reported,NA,NA,2,NA,19,O06,Insecta,other,single distance per site,1,active,20,20,corresponding author(s)
Hipolito,Hipolito,Hipolito et al. 2019,coffee,Modest (10-40%),7.1468,natural vegetation,other,both,80,reported,NA,NA,6,NA,19,O13,Insecta,other,single distance per site,1,active,20,20,corresponding author(s)
Hipolito,Hipolito,Hipolito et al. 2019,coffee,Modest (10-40%),6.7494,natural vegetation,other,both,203,reported,NA,NA,3.5,NA,19,C04,Insecta,other,single distance per site,1,active,20,20,corresponding author(s)
Hipolito,Hipolito,Hipolito et al. 2019,coffee,Modest (10-40%),5.9482,natural vegetation,other,both,409,reported,NA,NA,2,NA,19,O12,Insecta,other,single distance per site,1,active,20,20,corresponding author(s)
Hipolito,Hipolito,Hipolito et al. 2019,coffee,Modest (10-40%),5.6407,natural vegetation,other,both,92,reported,NA,NA,3.5,NA,19,O14,Insecta,other,single distance per site,1,active,20,20,corresponding author(s)
Hipolito,Hipolito,Hipolito et al. 2019,coffee,Modest (10-40%),4.5243,natural vegetation,other,both,233,reported,NA,NA,2,NA,19,O04,Insecta,other,single distance per site,1,active,20,20,corresponding author(s)
Hipolito,Hipolito,Hipolito et al. 2019,coffee,Modest (10-40%),3.5727,natural vegetation,other,both,62,reported,NA,NA,2.5,NA,19,C01,Insecta,other,single distance per site,1,active,20,20,corresponding author(s)
Hipolito,Hipolito,Hipolito et al. 2019,coffee,Modest (10-40%),3.5677,natural vegetation,other,both,115,reported,NA,NA,3,NA,19,O11,Insecta,other,single distance per site,1,active,20,20,corresponding author(s)
Hipolito,Hipolito,Hipolito et al. 2019,coffee,Modest (10-40%),3.296,natural vegetation,other,both,63,reported,NA,NA,3,NA,19,O17,Insecta,other,single distance per site,1,active,20,20,corresponding author(s)
Hipolito,Hipolito,Hipolito et al. 2019,coffee,Modest (10-40%),1.5728,natural vegetation,other,both,131,reported,NA,NA,5,NA,19,O18,Insecta,other,single distance per site,1,active,20,20,corresponding author(s)
Hipolito,Hipolito,Hipolito et al. 2019,coffee,Modest (10-40%),1.3356,natural vegetation,other,both,37,reported,NA,NA,4.5,NA,19,O16,Insecta,other,single distance per site,1,active,20,20,corresponding author(s)
Hipolito,Hipolito,Hipolito et al. 2019,coffee,Modest (10-40%),1.2692,natural vegetation,other,both,40,reported,NA,NA,3,NA,19,O08,Insecta,other,single distance per site,1,active,20,20,corresponding author(s)
Hipolito,Hipolito,Hipolito et al. 2019,coffee,Modest (10-40%),1.2472,natural vegetation,other,both,289,reported,NA,NA,4,NA,19,O19,Insecta,other,single distance per site,1,active,20,20,corresponding author(s)
Hipolito,Hipolito,Hipolito et al. 2019,coffee,Modest (10-40%),1.1517,natural vegetation,other,both,320,reported,NA,NA,5,NA,19,O01,Insecta,other,single distance per site,1,active,20,20,corresponding author(s)
Kasina,Kasina,Kasina et al. 2009,dry common bean,Modest (10-40%),Small (<2ha),"forest (Kakamega forest Kenya, tropical rainforest)",natural forest,low,112,reported,NA,NA,4,3,28,1,Bees,other,single distance per site,8,active,25,200,corresponding author(s)
Kasina,Kasina,Kasina et al. 2009,dry common bean,Modest (10-40%),Small (<2ha),"forest (Kakamega forest Kenya, tropical rainforest)",natural forest,low,366,reported,NA,NA,5,4,28,2,Bees,other,single distance per site,8,active,25,200,corresponding author(s)
Kasina,Kasina,Kasina et al. 2009,dry common bean,Modest (10-40%),Small (<2ha),"forest (Kakamega forest Kenya, tropical rainforest)",natural forest,low,644,reported,NA,NA,7,6,28,3,Bees,other,single distance per site,8,active,25,200,corresponding author(s)
Kasina,Kasina,Kasina et al. 2009,dry common bean,Modest (10-40%),Small (<2ha),"forest (Kakamega forest Kenya, tropical rainforest)",natural forest,low,876,reported,NA,NA,7,6,28,4,Bees,other,single distance per site,8,active,25,200,corresponding author(s)
Kasina,Kasina,Kasina et al. 2009,dry common bean,Modest (10-40%),Small (<2ha),"forest (Kakamega forest Kenya, tropical rainforest)",natural forest,low,316,reported,NA,NA,7,6,28,5,Bees,other,single distance per site,8,active,25,200,corresponding author(s)
Kasina,Kasina,Kasina et al. 2009,dry common bean,Modest (10-40%),Small (<2ha),"forest (Kakamega forest Kenya, tropical rainforest)",natural forest,low,960,reported,NA,NA,7,6,28,6,Bees,other,single distance per site,8,active,25,200,corresponding author(s)
Kasina,Kasina,Kasina et al. 2009,dry common bean,Modest (10-40%),Small (<2ha),"forest (Kakamega forest Kenya, tropical rainforest)",natural forest,low,1610,reported,NA,NA,5,4,28,7,Bees,other,single distance per site,8,active,25,200,corresponding author(s)
Kasina,Kasina,Kasina et al. 2009,dry common bean,Modest (10-40%),Small (<2ha),"forest (Kakamega forest Kenya, tropical rainforest)",natural forest,low,2028,reported,NA,NA,5,4,28,8,Bees,other,single distance per site,8,active,25,200,corresponding author(s)
Kasina,Kasina,Kasina et al. 2009,dry common bean,Modest (10-40%),Small (<2ha),"forest (Kakamega forest Kenya, tropical rainforest)",natural forest,low,2800,reported,NA,NA,4,3,28,9,Bees,other,single distance per site,8,active,25,200,corresponding author(s)
Kasina,Kasina,Kasina et al. 2009,dry common bean,Modest (10-40%),Small (<2ha),"forest (Kakamega forest Kenya, tropical rainforest)",natural forest,low,3342,reported,NA,NA,5,4,28,10,Bees,other,single distance per site,8,active,25,200,corresponding author(s)
Kasina,Kasina,Kasina et al. 2009,dry common bean,Modest (10-40%),Small (<2ha),"forest (Kakamega forest Kenya, tropical rainforest)",natural forest,low,2299,reported,NA,NA,7,6,28,11,Bees,other,single distance per site,8,active,25,200,corresponding author(s)
Kasina,Kasina,Kasina et al. 2009,dry common bean,Modest (10-40%),Small (<2ha),"forest (Kakamega forest Kenya, tropical rainforest)",natural forest,low,4017,reported,NA,NA,5,4,28,12,Bees,other,single distance per site,8,active,25,200,corresponding author(s)
Kasina,Kasina,Kasina et al. 2009,dry common bean,Modest (10-40%),Small (<2ha),"forest (Kakamega forest Kenya, tropical rainforest)",natural forest,low,5183,reported,NA,NA,7,6,28,13,Bees,other,single distance per site,8,active,25,200,corresponding author(s)
Kasina,Kasina,Kasina et al. 2009,dry common bean,Modest (10-40%),Small (<2ha),"forest (Kakamega forest Kenya, tropical rainforest)",natural forest,low,6799,reported,NA,NA,5,4,28,14,Bees,other,single distance per site,8,active,25,200,corresponding author(s)
Kasina,Kasina,Kasina et al. 2009,dry common bean,Modest (10-40%),Small (<2ha),"forest (Kakamega forest Kenya, tropical rainforest)",natural forest,low,60,reported,NA,NA,7,6,28,15,Bees,other,single distance per site,8,active,25,200,corresponding author(s)
Kasina,Kasina,Kasina et al. 2009,dry common bean,Modest (10-40%),Small (<2ha),"forest (Kakamega forest Kenya, tropical rainforest)",natural forest,low,366,reported,NA,NA,8,7,28,16,Bees,other,single distance per site,8,active,25,200,corresponding author(s)
Kasina,Kasina,Kasina et al. 2009,dry common bean,Modest (10-40%),Small (<2ha),"forest (Kakamega forest Kenya, tropical rainforest)",natural forest,low,466,reported,NA,NA,7,6,28,17,Bees,other,single distance per site,8,active,25,200,corresponding author(s)
Kasina,Kasina,Kasina et al. 2009,dry common bean,Modest (10-40%),Small (<2ha),"forest (Kakamega forest Kenya, tropical rainforest)",natural forest,low,720,reported,NA,NA,6,5,28,18,Bees,other,single distance per site,8,active,25,200,corresponding author(s)
Kasina,Kasina,Kasina et al. 2009,dry common bean,Modest (10-40%),Small (<2ha),"forest (Kakamega forest Kenya, tropical rainforest)",natural forest,low,1475,reported,NA,NA,8,7,28,19,Bees,other,single distance per site,8,active,25,200,corresponding author(s)
Kasina,Kasina,Kasina et al. 2009,dry common bean,Modest (10-40%),Small (<2ha),"forest (Kakamega forest Kenya, tropical rainforest)",natural forest,low,1814,reported,NA,NA,7,6,28,20,Bees,other,single distance per site,8,active,25,200,corresponding author(s)
Kasina,Kasina,Kasina et al. 2009,dry common bean,Modest (10-40%),Small (<2ha),"forest (Kakamega forest Kenya, tropical rainforest)",natural forest,low,2456,reported,NA,NA,4,3,28,21,Bees,other,single distance per site,8,active,25,200,corresponding author(s)
Kasina,Kasina,Kasina et al. 2009,dry common bean,Modest (10-40%),Small (<2ha),"forest (Kakamega forest Kenya, tropical rainforest)",natural forest,low,3625,reported,NA,NA,7,6,28,22,Bees,other,single distance per site,8,active,25,200,corresponding author(s)
Kasina,Kasina,Kasina et al. 2009,dry common bean,Modest (10-40%),Small (<2ha),"forest (Kakamega forest Kenya, tropical rainforest)",natural forest,low,4403,reported,NA,NA,6,5,28,23,Bees,other,single distance per site,8,active,25,200,corresponding author(s)
Kasina,Kasina,Kasina et al. 2009,dry common bean,Modest (10-40%),Small (<2ha),"forest (Kakamega forest Kenya, tropical rainforest)",natural forest,low,5019,reported,NA,NA,6,5,28,24,Bees,other,single distance per site,8,active,25,200,corresponding author(s)
Kasina,Kasina,Kasina et al. 2009,dry common bean,Modest (10-40%),Small (<2ha),"forest (Kakamega forest Kenya, tropical rainforest)",natural forest,low,5824,reported,NA,NA,7,6,28,25,Bees,other,single distance per site,8,active,25,200,corresponding author(s)
Kasina,Kasina,Kasina et al. 2009,dry common bean,Modest (10-40%),Small (<2ha),"forest (Kakamega forest Kenya, tropical rainforest)",natural forest,low,6715,reported,NA,NA,5,4,28,26,Bees,other,single distance per site,8,active,25,200,corresponding author(s)
Kasina,Kasina,Kasina et al. 2009,dry common bean,Modest (10-40%),Small (<2ha),"forest (Kakamega forest Kenya, tropical rainforest)",natural forest,low,7700,reported,NA,NA,9,8,28,27,Bees,other,single distance per site,8,active,25,200,corresponding author(s)
Kasina,Kasina,Kasina et al. 2009,dry common bean,Modest (10-40%),Small (<2ha),"forest (Kakamega forest Kenya, tropical rainforest)",natural forest,low,8721,reported,NA,NA,7,6,28,28,Bees,other,single distance per site,8,active,25,200,corresponding author(s)
Klein(a),Klein(a),Klein et al. 2003 a),coffee arabica,Modest (10-40%),NA,natural rainforest,natural forest,low,100,reported,NA,NA,13,13,24,area 1,Bees,morphospecies,single distance per site,3,active,25,75,corresponding author(s)
Klein(a),Klein(a),Klein et al. 2003 a),coffee arabica,Modest (10-40%),NA,natural rainforest,natural forest,low,1500,reported,NA,NA,8,8,24,area 2,Bees,morphospecies,single distance per site,3,active,25,75,corresponding author(s)
Klein(a),Klein(a),Klein et al. 2003 a),coffee arabica,Modest (10-40%),NA,natural rainforest,natural forest,low,2500,reported,NA,NA,6,6,24,area 3,Bees,morphospecies,single distance per site,3,active,25,75,corresponding author(s)
Klein(a),Klein(a),Klein et al. 2003 a),coffee arabica,Modest (10-40%),NA,natural rainforest,natural forest,low,2000,reported,NA,NA,3,3,24,area 4,Bees,morphospecies,single distance per site,3,active,25,75,corresponding author(s)
Klein(a),Klein(a),Klein et al. 2003 a),coffee arabica,Modest (10-40%),NA,natural rainforest,natural forest,low,1000,reported,NA,NA,8,8,24,area 5,Bees,morphospecies,single distance per site,3,active,25,75,corresponding author(s)
Klein(a),Klein(a),Klein et al. 2003 a),coffee arabica,Modest (10-40%),NA,natural rainforest,natural forest,low,500,reported,NA,NA,8,8,24,area 6,Bees,morphospecies,single distance per site,3,active,25,75,corresponding author(s)
Klein(a),Klein(a),Klein et al. 2003 a),coffee arabica,Modest (10-40%),NA,natural rainforest,natural forest,low,100,reported,NA,NA,13,13,24,area 7,Bees,morphospecies,single distance per site,3,active,25,75,corresponding author(s)
Klein(a),Klein(a),Klein et al. 2003 a),coffee arabica,Modest (10-40%),NA,natural rainforest,natural forest,low,1000,reported,NA,NA,7,7,24,area 8,Bees,morphospecies,single distance per site,3,active,25,75,corresponding author(s)
Klein(a),Klein(a),Klein et al. 2003 a),coffee arabica,Modest (10-40%),NA,natural rainforest,natural forest,low,0,reported,NA,NA,14,14,24,area 9,Bees,morphospecies,single distance per site,3,active,25,75,corresponding author(s)
Klein(a),Klein(a),Klein et al. 2003 a),coffee arabica,Modest (10-40%),NA,natural rainforest,natural forest,low,0,reported,NA,NA,20,20,24,area 10,Bees,morphospecies,single distance per site,3,active,25,75,corresponding author(s)
Klein(a),Klein(a),Klein et al. 2003 a),coffee arabica,Modest (10-40%),NA,natural rainforest,natural forest,low,50,reported,NA,NA,13,13,24,area 11,Bees,morphospecies,single distance per site,3,active,25,75,corresponding author(s)
Klein(a),Klein(a),Klein et al. 2003 a),coffee arabica,Modest (10-40%),NA,natural rainforest,natural forest,low,800,reported,NA,NA,10,10,24,area 12,Bees,morphospecies,single distance per site,3,active,25,75,corresponding author(s)
Klein(a),Klein(a),Klein et al. 2003 a),coffee arabica,Modest (10-40%),NA,natural rainforest,natural forest,low,1500,reported,NA,NA,4,4,24,area 13,Bees,morphospecies,single distance per site,3,active,25,75,corresponding author(s)
Klein(a),Klein(a),Klein et al. 2003 a),coffee arabica,Modest (10-40%),NA,natural rainforest,natural forest,low,1500,reported,NA,NA,5,5,24,area 14,Bees,morphospecies,single distance per site,3,active,25,75,corresponding author(s)
Klein(a),Klein(a),Klein et al. 2003 a),coffee arabica,Modest (10-40%),NA,natural rainforest,natural forest,low,1000,reported,NA,NA,9,9,24,area 15,Bees,morphospecies,single distance per site,3,active,25,75,corresponding author(s)
Klein(a),Klein(a),Klein et al. 2003 a),coffee arabica,Modest (10-40%),NA,natural rainforest,natural forest,low,0,reported,NA,NA,9,9,24,area 16,Bees,morphospecies,single distance per site,3,active,25,75,corresponding author(s)
Klein(a),Klein(a),Klein et al. 2003 a),coffee arabica,Modest (10-40%),NA,natural rainforest,natural forest,low,600,reported,NA,NA,5,5,24,area 17,Bees,morphospecies,single distance per site,3,active,25,75,corresponding author(s)
Klein(a),Klein(a),Klein et al. 2003 a),coffee arabica,Modest (10-40%),NA,natural rainforest,natural forest,low,500,reported,NA,NA,8,8,24,area 18,Bees,morphospecies,single distance per site,3,active,25,75,corresponding author(s)
Klein(a),Klein(a),Klein et al. 2003 a),coffee arabica,Modest (10-40%),NA,natural rainforest,natural forest,low,0,reported,NA,NA,9,9,24,area 19,Bees,morphospecies,single distance per site,3,active,25,75,corresponding author(s)
Klein(a),Klein(a),Klein et al. 2003 a),coffee arabica,Modest (10-40%),NA,natural rainforest,natural forest,low,600,reported,NA,NA,7,7,24,area 20,Bees,morphospecies,single distance per site,3,active,25,75,corresponding author(s)
Klein(a),Klein(a),Klein et al. 2003 a),coffee arabica,Modest (10-40%),NA,natural rainforest,natural forest,low,10,reported,NA,NA,14,14,24,area 21,Bees,morphospecies,single distance per site,3,active,25,75,corresponding author(s)
Klein(a),Klein(a),Klein et al. 2003 a),coffee arabica,Modest (10-40%),NA,natural rainforest,natural forest,low,1500,reported,NA,NA,8,8,24,area 22,Bees,morphospecies,single distance per site,3,active,25,75,corresponding author(s)
Klein(a),Klein(a),Klein et al. 2003 a),coffee arabica,Modest (10-40%),NA,natural rainforest,natural forest,low,500,reported,NA,NA,9,9,24,area 23,Bees,morphospecies,single distance per site,3,active,25,75,corresponding author(s)
Klein(a),Klein(a),Klein et al. 2003 a),coffee arabica,Modest (10-40%),NA,natural rainforest,natural forest,low,1500,reported,NA,NA,4,4,24,area 24,Bees,morphospecies,single distance per site,3,active,25,75,corresponding author(s)
Klein(b),Klein(b),Klein et al. 2003 b),coffee canephora,Great (40-90%),NA,natural rainforest,natural forest,low,100,reported,NA,NA,12,12,15,area 1,Bees,morphospecies,single distance per site,3,active,25,75,corresponding author(s)
Klein(b),Klein(b),Klein et al. 2003 b),coffee canephora,Great (40-90%),NA,natural rainforest,natural forest,low,500,reported,NA,NA,11,11,15,area 6,Bees,morphospecies,single distance per site,3,active,25,75,corresponding author(s)
Klein(b),Klein(b),Klein et al. 2003 b),coffee canephora,Great (40-90%),NA,natural rainforest,natural forest,low,100,reported,NA,NA,14,14,15,area 7,Bees,morphospecies,single distance per site,3,active,25,75,corresponding author(s)
Klein(b),Klein(b),Klein et al. 2003 b),coffee canephora,Great (40-90%),NA,natural rainforest,natural forest,low,1000,reported,NA,NA,8,8,15,area 8,Bees,morphospecies,single distance per site,3,active,25,75,corresponding author(s)
Klein(b),Klein(b),Klein et al. 2003 b),coffee canephora,Great (40-90%),NA,natural rainforest,natural forest,low,0,reported,NA,NA,14,14,15,area 9,Bees,morphospecies,single distance per site,3,active,25,75,corresponding author(s)
Klein(b),Klein(b),Klein et al. 2003 b),coffee canephora,Great (40-90%),NA,natural rainforest,natural forest,low,0,reported,NA,NA,21,21,15,area 10,Bees,morphospecies,single distance per site,3,active,25,75,corresponding author(s)
Klein(b),Klein(b),Klein et al. 2003 b),coffee canephora,Great (40-90%),NA,natural rainforest,natural forest,low,800,reported,NA,NA,13,13,15,area 12,Bees,morphospecies,single distance per site,3,active,25,75,corresponding author(s)
Klein(b),Klein(b),Klein et al. 2003 b),coffee canephora,Great (40-90%),NA,natural rainforest,natural forest,low,1500,reported,NA,NA,7,7,15,area 14,Bees,morphospecies,single distance per site,3,active,25,75,corresponding author(s)
Klein(b),Klein(b),Klein et al. 2003 b),coffee canephora,Great (40-90%),NA,natural rainforest,natural forest,low,0,reported,NA,NA,7,7,15,area 16,Bees,morphospecies,single distance per site,3,active,25,75,corresponding author(s)
Klein(b),Klein(b),Klein et al. 2003 b),coffee canephora,Great (40-90%),NA,natural rainforest,natural forest,low,500,reported,NA,NA,8,8,15,area 18,Bees,morphospecies,single distance per site,3,active,25,75,corresponding author(s)
Klein(b),Klein(b),Klein et al. 2003 b),coffee canephora,Great (40-90%),NA,natural rainforest,natural forest,low,0,reported,NA,NA,11,11,15,area 19,Bees,morphospecies,single distance per site,3,active,25,75,corresponding author(s)
Klein(b),Klein(b),Klein et al. 2003 b),coffee canephora,Great (40-90%),NA,natural rainforest,natural forest,low,600,reported,NA,NA,15,15,15,area 20,Bees,morphospecies,single distance per site,3,active,25,75,corresponding author(s)
Klein(b),Klein(b),Klein et al. 2003 b),coffee canephora,Great (40-90%),NA,natural rainforest,natural forest,low,10,reported,NA,NA,15,15,15,area 21,Bees,morphospecies,single distance per site,3,active,25,75,corresponding author(s)
Klein(b),Klein(b),Klein et al. 2003 b),coffee canephora,Great (40-90%),NA,natural rainforest,natural forest,low,500,reported,NA,NA,9,9,15,area 23,Bees,morphospecies,single distance per site,3,active,25,75,corresponding author(s)
Klein(b),Klein(b),Klein et al. 2003 b),coffee canephora,Great (40-90%),NA,natural rainforest,natural forest,low,1500,reported,NA,NA,6,6,15,area 24,Bees,morphospecies,single distance per site,3,active,25,75,corresponding author(s)
Klein(c),Klein(c),Klein 2009,NA,NA,NA,natural rainforest,natural forest,low,52.5,reported,NA,NA,25,25,24,site1,Bees,morphospecies,single distance per site,5,active,30,150,corresponding author(s)
Klein(c),Klein(c),Klein 2009,NA,NA,NA,natural rainforest,natural forest,low,945,reported,NA,NA,16,16,24,site2,Bees,morphospecies,single distance per site,5,active,30,150,corresponding author(s)
Klein(c),Klein(c),Klein 2009,NA,NA,NA,natural rainforest,natural forest,low,1415,reported,NA,NA,11,11,24,site3,Bees,morphospecies,single distance per site,5,active,30,150,corresponding author(s)
Klein(c),Klein(c),Klein 2009,NA,NA,NA,natural rainforest,natural forest,low,1005,reported,NA,NA,4,4,24,site4,Bees,morphospecies,single distance per site,5,active,30,150,corresponding author(s)
Klein(c),Klein(c),Klein 2009,NA,NA,NA,natural rainforest,natural forest,low,575,reported,NA,NA,12,12,24,site5,Bees,morphospecies,single distance per site,5,active,30,150,corresponding author(s)
Klein(c),Klein(c),Klein 2009,NA,NA,NA,natural rainforest,natural forest,low,207.5,reported,NA,NA,11,11,24,site6,Bees,morphospecies,single distance per site,5,active,30,150,corresponding author(s)
Klein(c),Klein(c),Klein 2009,NA,NA,NA,natural rainforest,natural forest,low,180,reported,NA,NA,23,23,24,site7,Bees,morphospecies,single distance per site,5,active,30,150,corresponding author(s)
Klein(c),Klein(c),Klein 2009,NA,NA,NA,natural rainforest,natural forest,low,327.5,reported,NA,NA,15,15,24,site8,Bees,morphospecies,single distance per site,5,active,30,150,corresponding author(s)
Klein(c),Klein(c),Klein 2009,NA,NA,NA,natural rainforest,natural forest,low,85,reported,NA,NA,21,21,24,site9,Bees,morphospecies,single distance per site,5,active,30,150,corresponding author(s)
Klein(c),Klein(c),Klein 2009,NA,NA,NA,natural rainforest,natural forest,low,0,reported,NA,NA,37,37,24,site10,Bees,morphospecies,single distance per site,5,active,30,150,corresponding author(s)
Klein(c),Klein(c),Klein 2009,NA,NA,NA,natural rainforest,natural forest,low,45,reported,NA,NA,17,17,24,site11,Bees,morphospecies,single distance per site,5,active,30,150,corresponding author(s)
Klein(c),Klein(c),Klein 2009,NA,NA,NA,natural rainforest,natural forest,low,147.5,reported,NA,NA,12,12,24,site12,Bees,morphospecies,single distance per site,5,active,30,150,corresponding author(s)
Klein(c),Klein(c),Klein 2009,NA,NA,NA,natural rainforest,natural forest,low,357.5,reported,NA,NA,8,8,24,site13,Bees,morphospecies,single distance per site,5,active,30,150,corresponding author(s)
Klein(c),Klein(c),Klein 2009,NA,NA,NA,natural rainforest,natural forest,low,880,reported,NA,NA,12,12,24,site14,Bees,morphospecies,single distance per site,5,active,30,150,corresponding author(s)
Klein(c),Klein(c),Klein 2009,NA,NA,NA,natural rainforest,natural forest,low,402.5,reported,NA,NA,12,12,24,site15,Bees,morphospecies,single distance per site,5,active,30,150,corresponding author(s)
Klein(c),Klein(c),Klein 2009,NA,NA,NA,natural rainforest,natural forest,low,0,reported,NA,NA,15,15,24,site16,Bees,morphospecies,single distance per site,5,active,30,150,corresponding author(s)
Klein(c),Klein(c),Klein 2009,NA,NA,NA,natural rainforest,natural forest,low,180,reported,NA,NA,9,9,24,site17,Bees,morphospecies,single distance per site,5,active,30,150,corresponding author(s)
Klein(c),Klein(c),Klein 2009,NA,NA,NA,natural rainforest,natural forest,low,107.5,reported,NA,NA,17,17,24,site18,Bees,morphospecies,single distance per site,5,active,30,150,corresponding author(s)
Klein(c),Klein(c),Klein 2009,NA,NA,NA,natural rainforest,natural forest,low,280,reported,NA,NA,15,15,24,site19,Bees,morphospecies,single distance per site,5,active,30,150,corresponding author(s)
Klein(c),Klein(c),Klein 2009,NA,NA,NA,natural rainforest,natural forest,low,317.5,reported,NA,NA,15,15,24,site20,Bees,morphospecies,single distance per site,5,active,30,150,corresponding author(s)
Klein(c),Klein(c),Klein 2009,NA,NA,NA,natural rainforest,natural forest,low,20,reported,NA,NA,22,22,24,site21,Bees,morphospecies,single distance per site,5,active,30,150,corresponding author(s)
Klein(c),Klein(c),Klein 2009,NA,NA,NA,natural rainforest,natural forest,low,597.5,reported,NA,NA,16,16,24,site22,Bees,morphospecies,single distance per site,5,active,30,150,corresponding author(s)
Klein(c),Klein(c),Klein 2009,NA,NA,NA,natural rainforest,natural forest,low,160,reported,NA,NA,12,12,24,site23,Bees,morphospecies,single distance per site,5,active,30,150,corresponding author(s)
Klein(c),Klein(c),Klein 2009,NA,NA,NA,natural rainforest,natural forest,low,462.5,reported,NA,NA,8,8,24,site24,Bees,morphospecies,single distance per site,5,active,30,150,corresponding author(s)
Krishnan,Krishnan,Krishnan et al. 2012,coffee,Great (40-90%),Medium (2-15ha),forest (forest fragments rangng in size from 0.3 to 20 ha and some officially protected forests >200ha),natural forest,NA,0,reported,NA,NA,3,NA,35,bas,Bees,morphospecies,nested design,5,active,15,75,corresponding author(s)
Krishnan,Krishnan,Krishnan et al. 2012,coffee,Great (40-90%),Small (<2ha),forest (forest fragments rangng in size from 0.3 to 20 ha and some officially protected forests >200ha),natural forest,NA,50,reported,NA,NA,2,NA,35,bas,Bees,morphospecies,nested design,5,active,15,75,corresponding author(s)
Krishnan,Krishnan,Krishnan et al. 2012,coffee,Great (40-90%),Small (<2ha),forest (forest fragments rangng in size from 0.3 to 20 ha and some officially protected forests >200ha),natural forest,NA,100,reported,NA,NA,3,NA,35,bas,Bees,morphospecies,nested design,5,active,15,75,corresponding author(s)
Krishnan,Krishnan,Krishnan et al. 2012,coffee,Great (40-90%),Small (<2ha),forest (forest fragments rangng in size from 0.3 to 20 ha and some officially protected forests >200ha),natural forest,NA,250,reported,NA,NA,3,NA,35,bas,Bees,morphospecies,nested design,5,active,15,75,corresponding author(s)
Krishnan,Krishnan,Krishnan et al. 2012,coffee,Great (40-90%),Medium (2-15ha),forest (forest fragments rangng in size from 0.3 to 20 ha and some officially protected forests >200ha),natural forest,NA,500,reported,NA,NA,1,NA,35,bas,Bees,morphospecies,nested design,5,active,15,75,corresponding author(s)
Krishnan,Krishnan,Krishnan et al. 2012,coffee,Great (40-90%),Medium (2-15ha),forest (forest fragments rangng in size from 0.3 to 20 ha and some officially protected forests >200ha),natural forest,NA,0,reported,NA,NA,3,NA,35,baso,Bees,morphospecies,nested design,5,active,15,75,corresponding author(s)
Krishnan,Krishnan,Krishnan et al. 2012,coffee,Great (40-90%),Medium (2-15ha),forest (forest fragments rangng in size from 0.3 to 20 ha and some officially protected forests >200ha),natural forest,NA,50,reported,NA,NA,5,NA,35,baso,Bees,morphospecies,nested design,5,active,15,75,corresponding author(s)
Krishnan,Krishnan,Krishnan et al. 2012,coffee,Great (40-90%),Medium (2-15ha),forest (forest fragments rangng in size from 0.3 to 20 ha and some officially protected forests >200ha),natural forest,NA,100,reported,NA,NA,2,NA,35,baso,Bees,morphospecies,nested design,5,active,15,75,corresponding author(s)
Krishnan,Krishnan,Krishnan et al. 2012,coffee,Great (40-90%),Medium (2-15ha),forest (forest fragments rangng in size from 0.3 to 20 ha and some officially protected forests >200ha),natural forest,NA,100,reported,NA,NA,0,NA,35,be,Bees,morphospecies,nested design,5,active,15,75,corresponding author(s)
Krishnan,Krishnan,Krishnan et al. 2012,coffee,Great (40-90%),Medium (2-15ha),forest (forest fragments rangng in size from 0.3 to 20 ha and some officially protected forests >200ha),natural forest,NA,0,reported,NA,NA,4,NA,35,chl,Bees,morphospecies,nested design,5,active,15,75,corresponding author(s)
Krishnan,Krishnan,Krishnan et al. 2012,coffee,Great (40-90%),Medium (2-15ha),forest (forest fragments rangng in size from 0.3 to 20 ha and some officially protected forests >200ha),natural forest,NA,50,reported,NA,NA,1,NA,35,chl,Bees,morphospecies,nested design,5,active,15,75,corresponding author(s)
Krishnan,Krishnan,Krishnan et al. 2012,coffee,Great (40-90%),Medium (2-15ha),forest (forest fragments rangng in size from 0.3 to 20 ha and some officially protected forests >200ha),natural forest,NA,100,reported,NA,NA,3,NA,35,chl,Bees,morphospecies,nested design,5,active,15,75,corresponding author(s)
Krishnan,Krishnan,Krishnan et al. 2012,coffee,Great (40-90%),Medium (2-15ha),forest (forest fragments rangng in size from 0.3 to 20 ha and some officially protected forests >200ha),natural forest,NA,500,reported,NA,NA,0,NA,35,chl,Bees,morphospecies,nested design,5,active,15,75,corresponding author(s)
Krishnan,Krishnan,Krishnan et al. 2012,coffee,Great (40-90%),Medium (2-15ha),forest (forest fragments rangng in size from 0.3 to 20 ha and some officially protected forests >200ha),natural forest,NA,0,reported,NA,NA,0,NA,35,chs,Bees,morphospecies,nested design,5,active,15,75,corresponding author(s)
Krishnan,Krishnan,Krishnan et al. 2012,coffee,Great (40-90%),Medium (2-15ha),forest (forest fragments rangng in size from 0.3 to 20 ha and some officially protected forests >200ha),natural forest,NA,50,reported,NA,NA,0,NA,35,chs,Bees,morphospecies,nested design,5,active,15,75,corresponding author(s)
Krishnan,Krishnan,Krishnan et al. 2012,coffee,Great (40-90%),Medium (2-15ha),forest (forest fragments rangng in size from 0.3 to 20 ha and some officially protected forests >200ha),natural forest,NA,100,reported,NA,NA,0,NA,35,chs,Bees,morphospecies,nested design,5,active,15,75,corresponding author(s)
Krishnan,Krishnan,Krishnan et al. 2012,coffee,Great (40-90%),Medium (2-15ha),forest (forest fragments rangng in size from 0.3 to 20 ha and some officially protected forests >200ha),natural forest,NA,250,reported,NA,NA,2,NA,35,chs,Bees,morphospecies,nested design,5,active,15,75,corresponding author(s)
Krishnan,Krishnan,Krishnan et al. 2012,coffee,Great (40-90%),Medium (2-15ha),forest (forest fragments rangng in size from 0.3 to 20 ha and some officially protected forests >200ha),natural forest,NA,500,reported,NA,NA,2,NA,35,chs,Bees,morphospecies,nested design,5,active,15,75,corresponding author(s)
Krishnan,Krishnan,Krishnan et al. 2012,coffee,Great (40-90%),Medium (2-15ha),forest (forest fragments rangng in size from 0.3 to 20 ha and some officially protected forests >200ha),natural forest,NA,0,reported,NA,NA,5,NA,35,devpur,Bees,morphospecies,nested design,5,active,15,75,corresponding author(s)
Krishnan,Krishnan,Krishnan et al. 2012,coffee,Great (40-90%),Medium (2-15ha),forest (forest fragments rangng in size from 0.3 to 20 ha and some officially protected forests >200ha),natural forest,NA,50,reported,NA,NA,3,NA,35,devpur,Bees,morphospecies,nested design,5,active,15,75,corresponding author(s)
Krishnan,Krishnan,Krishnan et al. 2012,coffee,Great (40-90%),Medium (2-15ha),forest (forest fragments rangng in size from 0.3 to 20 ha and some officially protected forests >200ha),natural forest,NA,100,reported,NA,NA,4,NA,35,devpur,Bees,morphospecies,nested design,5,active,15,75,corresponding author(s)
Krishnan,Krishnan,Krishnan et al. 2012,coffee,Great (40-90%),Medium (2-15ha),forest (forest fragments rangng in size from 0.3 to 20 ha and some officially protected forests >200ha),natural forest,NA,250,reported,NA,NA,3,NA,35,devpur,Bees,morphospecies,nested design,5,active,15,75,corresponding author(s)
Krishnan,Krishnan,Krishnan et al. 2012,coffee,Great (40-90%),Medium (2-15ha),forest (forest fragments rangng in size from 0.3 to 20 ha and some officially protected forests >200ha),natural forest,NA,500,reported,NA,NA,6,NA,35,devpur,Bees,morphospecies,nested design,5,active,15,75,corresponding author(s)
Krishnan,Krishnan,Krishnan et al. 2012,coffee,Great (40-90%),Medium (2-15ha),forest (forest fragments rangng in size from 0.3 to 20 ha and some officially protected forests >200ha),natural forest,NA,0,reported,NA,NA,3,NA,35,dhm,Bees,morphospecies,nested design,5,active,15,75,corresponding author(s)
Krishnan,Krishnan,Krishnan et al. 2012,coffee,Great (40-90%),Medium (2-15ha),forest (forest fragments rangng in size from 0.3 to 20 ha and some officially protected forests >200ha),natural forest,NA,50,reported,NA,NA,3,NA,35,dhm,Bees,morphospecies,nested design,5,active,15,75,corresponding author(s)
Krishnan,Krishnan,Krishnan et al. 2012,coffee,Great (40-90%),Medium (2-15ha),forest (forest fragments rangng in size from 0.3 to 20 ha and some officially protected forests >200ha),natural forest,NA,100,reported,NA,NA,2,NA,35,dhm,Bees,morphospecies,nested design,5,active,15,75,corresponding author(s)
Krishnan,Krishnan,Krishnan et al. 2012,coffee,Great (40-90%),Medium (2-15ha),forest (forest fragments rangng in size from 0.3 to 20 ha and some officially protected forests >200ha),natural forest,NA,250,reported,NA,NA,3,NA,35,dhm,Bees,morphospecies,nested design,5,active,15,75,corresponding author(s)
Krishnan,Krishnan,Krishnan et al. 2012,coffee,Great (40-90%),Medium (2-15ha),forest (forest fragments rangng in size from 0.3 to 20 ha and some officially protected forests >200ha),natural forest,NA,500,reported,NA,NA,6,NA,35,dhm,Bees,morphospecies,nested design,5,active,15,75,corresponding author(s)
Krishnan,Krishnan,Krishnan et al. 2012,coffee,Great (40-90%),Medium (2-15ha),forest (forest fragments rangng in size from 0.3 to 20 ha and some officially protected forests >200ha),natural forest,NA,50,reported,NA,NA,2,NA,35,hal,Bees,morphospecies,nested design,5,active,15,75,corresponding author(s)
Krishnan,Krishnan,Krishnan et al. 2012,coffee,Great (40-90%),Medium (2-15ha),forest (forest fragments rangng in size from 0.3 to 20 ha and some officially protected forests >200ha),natural forest,NA,250,reported,NA,NA,7,NA,35,hal,Bees,morphospecies,nested design,5,active,15,75,corresponding author(s)
Krishnan,Krishnan,Krishnan et al. 2012,coffee,Great (40-90%),Medium (2-15ha),forest (forest fragments rangng in size from 0.3 to 20 ha and some officially protected forests >200ha),natural forest,NA,0,reported,NA,NA,3,NA,35,has,Bees,morphospecies,nested design,5,active,15,75,corresponding author(s)
Krishnan,Krishnan,Krishnan et al. 2012,coffee,Great (40-90%),Medium (2-15ha),forest (forest fragments rangng in size from 0.3 to 20 ha and some officially protected forests >200ha),natural forest,NA,50,reported,NA,NA,2,NA,35,has,Bees,morphospecies,nested design,5,active,15,75,corresponding author(s)
Krishnan,Krishnan,Krishnan et al. 2012,coffee,Great (40-90%),Medium (2-15ha),forest (forest fragments rangng in size from 0.3 to 20 ha and some officially protected forests >200ha),natural forest,NA,100,reported,NA,NA,3,NA,35,has,Bees,morphospecies,nested design,5,active,15,75,corresponding author(s)
Krishnan,Krishnan,Krishnan et al. 2012,coffee,Great (40-90%),Medium (2-15ha),forest (forest fragments rangng in size from 0.3 to 20 ha and some officially protected forests >200ha),natural forest,NA,250,reported,NA,NA,0,NA,35,has,Bees,morphospecies,nested design,5,active,15,75,corresponding author(s)
Krishnan,Krishnan,Krishnan et al. 2012,coffee,Great (40-90%),Medium (2-15ha),forest (forest fragments rangng in size from 0.3 to 20 ha and some officially protected forests >200ha),natural forest,NA,500,reported,NA,NA,2,NA,35,has,Bees,morphospecies,nested design,5,active,15,75,corresponding author(s)
Krishnan,Krishnan,Krishnan et al. 2012,coffee,Great (40-90%),Medium (2-15ha),forest (forest fragments rangng in size from 0.3 to 20 ha and some officially protected forests >200ha),natural forest,NA,0,reported,NA,NA,4,NA,35,kap,Bees,morphospecies,nested design,5,active,15,75,corresponding author(s)
Krishnan,Krishnan,Krishnan et al. 2012,coffee,Great (40-90%),Medium (2-15ha),forest (forest fragments rangng in size from 0.3 to 20 ha and some officially protected forests >200ha),natural forest,NA,50,reported,NA,NA,1,NA,35,kap,Bees,morphospecies,nested design,5,active,15,75,corresponding author(s)
Krishnan,Krishnan,Krishnan et al. 2012,coffee,Great (40-90%),Medium (2-15ha),forest (forest fragments rangng in size from 0.3 to 20 ha and some officially protected forests >200ha),natural forest,NA,100,reported,NA,NA,2,NA,35,kap,Bees,morphospecies,nested design,5,active,15,75,corresponding author(s)
Krishnan,Krishnan,Krishnan et al. 2012,coffee,Great (40-90%),Medium (2-15ha),forest (forest fragments rangng in size from 0.3 to 20 ha and some officially protected forests >200ha),natural forest,NA,250,reported,NA,NA,4,NA,35,kap,Bees,morphospecies,nested design,5,active,15,75,corresponding author(s)
Krishnan,Krishnan,Krishnan et al. 2012,coffee,Great (40-90%),Medium (2-15ha),forest (forest fragments rangng in size from 0.3 to 20 ha and some officially protected forests >200ha),natural forest,NA,500,reported,NA,NA,4,NA,35,kap,Bees,morphospecies,nested design,5,active,15,75,corresponding author(s)
Krishnan,Krishnan,Krishnan et al. 2012,coffee,Great (40-90%),Medium (2-15ha),forest (forest fragments rangng in size from 0.3 to 20 ha and some officially protected forests >200ha),natural forest,NA,0,reported,NA,NA,7,NA,35,kil,Bees,morphospecies,nested design,5,active,15,75,corresponding author(s)
Krishnan,Krishnan,Krishnan et al. 2012,coffee,Great (40-90%),Medium (2-15ha),forest (forest fragments rangng in size from 0.3 to 20 ha and some officially protected forests >200ha),natural forest,NA,50,reported,NA,NA,4,NA,35,kil,Bees,morphospecies,nested design,5,active,15,75,corresponding author(s)
Krishnan,Krishnan,Krishnan et al. 2012,coffee,Great (40-90%),Small (<2ha),forest (forest fragments rangng in size from 0.3 to 20 ha and some officially protected forests >200ha),natural forest,NA,100,reported,NA,NA,2,NA,35,kil,Bees,morphospecies,nested design,5,active,15,75,corresponding author(s)
Krishnan,Krishnan,Krishnan et al. 2012,coffee,Great (40-90%),Medium (2-15ha),forest (forest fragments rangng in size from 0.3 to 20 ha and some officially protected forests >200ha),natural forest,NA,250,reported,NA,NA,4,NA,35,kil,Bees,morphospecies,nested design,5,active,15,75,corresponding author(s)
Krishnan,Krishnan,Krishnan et al. 2012,coffee,Great (40-90%),Medium (2-15ha),forest (forest fragments rangng in size from 0.3 to 20 ha and some officially protected forests >200ha),natural forest,NA,500,reported,NA,NA,4,NA,35,kil,Bees,morphospecies,nested design,5,active,15,75,corresponding author(s)
Krishnan,Krishnan,Krishnan et al. 2012,coffee,Great (40-90%),Small (<2ha),forest (forest fragments rangng in size from 0.3 to 20 ha and some officially protected forests >200ha),natural forest,NA,100,reported,NA,NA,1,NA,35,kis,Bees,morphospecies,nested design,5,active,15,75,corresponding author(s)
Krishnan,Krishnan,Krishnan et al. 2012,coffee,Great (40-90%),Medium (2-15ha),forest (forest fragments rangng in size from 0.3 to 20 ha and some officially protected forests >200ha),natural forest,NA,250,reported,NA,NA,3,NA,35,kis,Bees,morphospecies,nested design,5,active,15,75,corresponding author(s)
Krishnan,Krishnan,Krishnan et al. 2012,coffee,Great (40-90%),Medium (2-15ha),forest (forest fragments rangng in size from 0.3 to 20 ha and some officially protected forests >200ha),natural forest,NA,500,reported,NA,NA,3,NA,35,kis,Bees,morphospecies,nested design,5,active,15,75,corresponding author(s)
Krishnan,Krishnan,Krishnan et al. 2012,coffee,Great (40-90%),Medium (2-15ha),forest (forest fragments rangng in size from 0.3 to 20 ha and some officially protected forests >200ha),natural forest,NA,250,reported,NA,NA,0,NA,35,beg,Bees,morphospecies,nested design,5,active,15,75,corresponding author(s)
Krishnan,Krishnan,Krishnan et al. 2012,coffee,Great (40-90%),Medium (2-15ha),forest (forest fragments rangng in size from 0.3 to 20 ha and some officially protected forests >200ha),natural forest,NA,500,reported,NA,NA,3,NA,35,beg,Bees,morphospecies,nested design,5,active,15,75,corresponding author(s)
Krishnan,Krishnan,Krishnan et al. 2012,coffee,Great (40-90%),Small (<2ha),forest (forest fragments rangng in size from 0.3 to 20 ha and some officially protected forests >200ha),natural forest,NA,0,reported,NA,NA,4,NA,35,hardha,Bees,morphospecies,nested design,5,active,15,75,corresponding author(s)
Krishnan,Krishnan,Krishnan et al. 2012,coffee,Great (40-90%),Small (<2ha),forest (forest fragments rangng in size from 0.3 to 20 ha and some officially protected forests >200ha),natural forest,NA,50,reported,NA,NA,1,NA,35,hardha,Bees,morphospecies,nested design,5,active,15,75,corresponding author(s)
Krishnan,Krishnan,Krishnan et al. 2012,coffee,Great (40-90%),Medium (2-15ha),forest (forest fragments rangng in size from 0.3 to 20 ha and some officially protected forests >200ha),natural forest,NA,100,reported,NA,NA,1,NA,35,hardha,Bees,morphospecies,nested design,5,active,15,75,corresponding author(s)
Krishnan,Krishnan,Krishnan et al. 2012,coffee,Great (40-90%),Small (<2ha),forest (forest fragments rangng in size from 0.3 to 20 ha and some officially protected forests >200ha),natural forest,NA,0,reported,NA,NA,1,NA,35,harkas,Bees,morphospecies,nested design,5,active,15,75,corresponding author(s)
Krishnan,Krishnan,Krishnan et al. 2012,coffee,Great (40-90%),Small (<2ha),forest (forest fragments rangng in size from 0.3 to 20 ha and some officially protected forests >200ha),natural forest,NA,50,reported,NA,NA,0,NA,35,harkas,Bees,morphospecies,nested design,5,active,15,75,corresponding author(s)
Krishnan,Krishnan,Krishnan et al. 2012,coffee,Great (40-90%),Small (<2ha),forest (forest fragments rangng in size from 0.3 to 20 ha and some officially protected forests >200ha),natural forest,NA,100,reported,NA,NA,0,NA,35,harkas,Bees,morphospecies,nested design,5,active,15,75,corresponding author(s)
Krishnan,Krishnan,Krishnan et al. 2012,coffee,Great (40-90%),Medium (2-15ha),forest (forest fragments rangng in size from 0.3 to 20 ha and some officially protected forests >200ha),natural forest,NA,250,reported,NA,NA,1,NA,35,harkas,Bees,morphospecies,nested design,5,active,15,75,corresponding author(s)
Krishnan,Krishnan,Krishnan et al. 2012,coffee,Great (40-90%),Medium (2-15ha),forest (forest fragments rangng in size from 0.3 to 20 ha and some officially protected forests >200ha),natural forest,NA,500,reported,NA,NA,1,NA,35,harkas,Bees,morphospecies,nested design,5,active,15,75,corresponding author(s)
Krishnan,Krishnan,Krishnan et al. 2012,coffee,Great (40-90%),Medium (2-15ha),forest (forest fragments rangng in size from 0.3 to 20 ha and some officially protected forests >200ha),natural forest,NA,0,reported,NA,NA,2,NA,35,ichbha,Bees,morphospecies,nested design,5,active,15,75,corresponding author(s)
Krishnan,Krishnan,Krishnan et al. 2012,coffee,Great (40-90%),Medium (2-15ha),forest (forest fragments rangng in size from 0.3 to 20 ha and some officially protected forests >200ha),natural forest,NA,50,reported,NA,NA,2,NA,35,ichbha,Bees,morphospecies,nested design,5,active,15,75,corresponding author(s)
Krishnan,Krishnan,Krishnan et al. 2012,coffee,Great (40-90%),Medium (2-15ha),forest (forest fragments rangng in size from 0.3 to 20 ha and some officially protected forests >200ha),natural forest,NA,100,reported,NA,NA,4,NA,35,ichbha,Bees,morphospecies,nested design,5,active,15,75,corresponding author(s)
Krishnan,Krishnan,Krishnan et al. 2012,coffee,Great (40-90%),Medium (2-15ha),forest (forest fragments rangng in size from 0.3 to 20 ha and some officially protected forests >200ha),natural forest,NA,250,reported,NA,NA,0,NA,35,ichbha,Bees,morphospecies,nested design,5,active,15,75,corresponding author(s)
Krishnan,Krishnan,Krishnan et al. 2012,coffee,Great (40-90%),Medium (2-15ha),forest (forest fragments rangng in size from 0.3 to 20 ha and some officially protected forests >200ha),natural forest,NA,500,reported,NA,NA,0,NA,35,ichbha,Bees,morphospecies,nested design,5,active,15,75,corresponding author(s)
Krishnan,Krishnan,Krishnan et al. 2012,coffee,Great (40-90%),Medium (2-15ha),forest (forest fragments rangng in size from 0.3 to 20 ha and some officially protected forests >200ha),natural forest,NA,0,reported,NA,NA,1,NA,35,kon,Bees,morphospecies,nested design,5,active,15,75,corresponding author(s)
Krishnan,Krishnan,Krishnan et al. 2012,coffee,Great (40-90%),Medium (2-15ha),forest (forest fragments rangng in size from 0.3 to 20 ha and some officially protected forests >200ha),natural forest,NA,50,reported,NA,NA,0,NA,35,kon,Bees,morphospecies,nested design,5,active,15,75,corresponding author(s)
Krishnan,Krishnan,Krishnan et al. 2012,coffee,Great (40-90%),Medium (2-15ha),forest (forest fragments rangng in size from 0.3 to 20 ha and some officially protected forests >200ha),natural forest,NA,100,reported,NA,NA,1,NA,35,kon,Bees,morphospecies,nested design,5,active,15,75,corresponding author(s)
Krishnan,Krishnan,Krishnan et al. 2012,coffee,Great (40-90%),Medium (2-15ha),forest (forest fragments rangng in size from 0.3 to 20 ha and some officially protected forests >200ha),natural forest,NA,50,reported,NA,NA,3,NA,35,kottageri,Bees,morphospecies,nested design,5,active,15,75,corresponding author(s)
Krishnan,Krishnan,Krishnan et al. 2012,coffee,Great (40-90%),Medium (2-15ha),forest (forest fragments rangng in size from 0.3 to 20 ha and some officially protected forests >200ha),natural forest,NA,250,reported,NA,NA,2,NA,35,kottageri,Bees,morphospecies,nested design,5,active,15,75,corresponding author(s)
Krishnan,Krishnan,Krishnan et al. 2012,coffee,Great (40-90%),Medium (2-15ha),forest (forest fragments rangng in size from 0.3 to 20 ha and some officially protected forests >200ha),natural forest,NA,500,reported,NA,NA,1,NA,35,kottageri,Bees,morphospecies,nested design,5,active,15,75,corresponding author(s)
Krishnan,Krishnan,Krishnan et al. 2012,coffee,Great (40-90%),Medium (2-15ha),forest (forest fragments rangng in size from 0.3 to 20 ha and some officially protected forests >200ha),natural forest,NA,0,reported,NA,NA,0,NA,35,kutnan,Bees,morphospecies,nested design,5,active,15,75,corresponding author(s)
Krishnan,Krishnan,Krishnan et al. 2012,coffee,Great (40-90%),Medium (2-15ha),forest (forest fragments rangng in size from 0.3 to 20 ha and some officially protected forests >200ha),natural forest,NA,50,reported,NA,NA,0,NA,35,kutnan,Bees,morphospecies,nested design,5,active,15,75,corresponding author(s)
Krishnan,Krishnan,Krishnan et al. 2012,coffee,Great (40-90%),Medium (2-15ha),forest (forest fragments rangng in size from 0.3 to 20 ha and some officially protected forests >200ha),natural forest,NA,100,reported,NA,NA,0,NA,35,kutnan,Bees,morphospecies,nested design,5,active,15,75,corresponding author(s)
Krishnan,Krishnan,Krishnan et al. 2012,coffee,Great (40-90%),Medium (2-15ha),forest (forest fragments rangng in size from 0.3 to 20 ha and some officially protected forests >200ha),natural forest,NA,250,reported,NA,NA,0,NA,35,kutnan,Bees,morphospecies,nested design,5,active,15,75,corresponding author(s)
Krishnan,Krishnan,Krishnan et al. 2012,coffee,Great (40-90%),Medium (2-15ha),forest (forest fragments rangng in size from 0.3 to 20 ha and some officially protected forests >200ha),natural forest,NA,250,reported,NA,NA,1,NA,35,nal,Bees,morphospecies,nested design,5,active,15,75,corresponding author(s)
Krishnan,Krishnan,Krishnan et al. 2012,coffee,Great (40-90%),Medium (2-15ha),forest (forest fragments rangng in size from 0.3 to 20 ha and some officially protected forests >200ha),natural forest,NA,500,reported,NA,NA,4,NA,35,nal,Bees,morphospecies,nested design,5,active,15,75,corresponding author(s)
Krishnan,Krishnan,Krishnan et al. 2012,coffee,Great (40-90%),Medium (2-15ha),forest (forest fragments rangng in size from 0.3 to 20 ha and some officially protected forests >200ha),natural forest,NA,50,reported,NA,NA,2,NA,35,nit,Bees,morphospecies,nested design,5,active,15,75,corresponding author(s)
Krishnan,Krishnan,Krishnan et al. 2012,coffee,Great (40-90%),Medium (2-15ha),forest (forest fragments rangng in size from 0.3 to 20 ha and some officially protected forests >200ha),natural forest,NA,100,reported,NA,NA,0,NA,35,nit,Bees,morphospecies,nested design,5,active,15,75,corresponding author(s)
Krishnan,Krishnan,Krishnan et al. 2012,coffee,Great (40-90%),Medium (2-15ha),forest (forest fragments rangng in size from 0.3 to 20 ha and some officially protected forests >200ha),natural forest,NA,250,reported,NA,NA,5,NA,35,nit,Bees,morphospecies,nested design,5,active,15,75,corresponding author(s)
Krishnan,Krishnan,Krishnan et al. 2012,coffee,Great (40-90%),Medium (2-15ha),forest (forest fragments rangng in size from 0.3 to 20 ha and some officially protected forests >200ha),natural forest,NA,0,reported,NA,NA,3,NA,35,polche,Bees,morphospecies,nested design,5,active,15,75,corresponding author(s)
Krishnan,Krishnan,Krishnan et al. 2012,coffee,Great (40-90%),Medium (2-15ha),forest (forest fragments rangng in size from 0.3 to 20 ha and some officially protected forests >200ha),natural forest,NA,50,reported,NA,NA,3,NA,35,polche,Bees,morphospecies,nested design,5,active,15,75,corresponding author(s)
Krishnan,Krishnan,Krishnan et al. 2012,coffee,Great (40-90%),Medium (2-15ha),forest (forest fragments rangng in size from 0.3 to 20 ha and some officially protected forests >200ha),natural forest,NA,100,reported,NA,NA,3,NA,35,polche,Bees,morphospecies,nested design,5,active,15,75,corresponding author(s)
Krishnan,Krishnan,Krishnan et al. 2012,coffee,Great (40-90%),Medium (2-15ha),forest (forest fragments rangng in size from 0.3 to 20 ha and some officially protected forests >200ha),natural forest,NA,250,reported,NA,NA,3,NA,35,polche,Bees,morphospecies,nested design,5,active,15,75,corresponding author(s)
Krishnan,Krishnan,Krishnan et al. 2012,coffee,Great (40-90%),Medium (2-15ha),forest (forest fragments rangng in size from 0.3 to 20 ha and some officially protected forests >200ha),natural forest,NA,500,reported,NA,NA,6,NA,35,polche,Bees,morphospecies,nested design,5,active,15,75,corresponding author(s)
Krishnan,Krishnan,Krishnan et al. 2012,coffee,Great (40-90%),Medium (2-15ha),forest (forest fragments rangng in size from 0.3 to 20 ha and some officially protected forests >200ha),natural forest,NA,0,reported,NA,NA,0,NA,35,porpon,Bees,morphospecies,nested design,5,active,15,75,corresponding author(s)
Krishnan,Krishnan,Krishnan et al. 2012,coffee,Great (40-90%),Medium (2-15ha),forest (forest fragments rangng in size from 0.3 to 20 ha and some officially protected forests >200ha),natural forest,NA,50,reported,NA,NA,1,NA,35,porpon,Bees,morphospecies,nested design,5,active,15,75,corresponding author(s)
Krishnan,Krishnan,Krishnan et al. 2012,coffee,Great (40-90%),Medium (2-15ha),forest (forest fragments rangng in size from 0.3 to 20 ha and some officially protected forests >200ha),natural forest,NA,100,reported,NA,NA,2,NA,35,porpon,Bees,morphospecies,nested design,5,active,15,75,corresponding author(s)
Krishnan,Krishnan,Krishnan et al. 2012,coffee,Great (40-90%),Medium (2-15ha),forest (forest fragments rangng in size from 0.3 to 20 ha and some officially protected forests >200ha),natural forest,NA,250,reported,NA,NA,0,NA,35,porpon,Bees,morphospecies,nested design,5,active,15,75,corresponding author(s)
Krishnan,Krishnan,Krishnan et al. 2012,coffee,Great (40-90%),Medium (2-15ha),forest (forest fragments rangng in size from 0.3 to 20 ha and some officially protected forests >200ha),natural forest,NA,100,reported,NA,NA,0,NA,35,tshgov,Bees,morphospecies,nested design,5,active,15,75,corresponding author(s)
Krishnan,Krishnan,Krishnan et al. 2012,coffee,Great (40-90%),Medium (2-15ha),forest (forest fragments rangng in size from 0.3 to 20 ha and some officially protected forests >200ha),natural forest,NA,0,reported,NA,NA,1,NA,35,tshogr,Bees,morphospecies,nested design,5,active,15,75,corresponding author(s)
Krishnan,Krishnan,Krishnan et al. 2012,coffee,Great (40-90%),Medium (2-15ha),forest (forest fragments rangng in size from 0.3 to 20 ha and some officially protected forests >200ha),natural forest,NA,50,reported,NA,NA,0,NA,35,tshogr,Bees,morphospecies,nested design,5,active,15,75,corresponding author(s)
Krishnan,Krishnan,Krishnan et al. 2012,coffee,Great (40-90%),Medium (2-15ha),forest (forest fragments rangng in size from 0.3 to 20 ha and some officially protected forests >200ha),natural forest,NA,100,reported,NA,NA,1,NA,35,tshogr,Bees,morphospecies,nested design,5,active,15,75,corresponding author(s)
Krishnan,Krishnan,Krishnan et al. 2012,coffee,Great (40-90%),Small (<2ha),forest (forest fragments rangng in size from 0.3 to 20 ha and some officially protected forests >200ha),natural forest,NA,250,reported,NA,NA,2,NA,35,tshogr,Bees,morphospecies,nested design,5,active,15,75,corresponding author(s)
Krishnan,Krishnan,Krishnan et al. 2012,coffee,Great (40-90%),Medium (2-15ha),forest (forest fragments rangng in size from 0.3 to 20 ha and some officially protected forests >200ha),natural forest,NA,500,reported,NA,NA,3,NA,35,tshogr,Bees,morphospecies,nested design,5,active,15,75,corresponding author(s)
Krishnan,Krishnan,Krishnan et al. 2012,coffee,Great (40-90%),Medium (2-15ha),forest (forest fragments rangng in size from 0.3 to 20 ha and some officially protected forests >200ha),natural forest,NA,0,reported,NA,NA,4,NA,35,armnew,Bees,morphospecies,nested design,5,active,15,75,corresponding author(s)
Krishnan,Krishnan,Krishnan et al. 2012,coffee,Great (40-90%),Medium (2-15ha),forest (forest fragments rangng in size from 0.3 to 20 ha and some officially protected forests >200ha),natural forest,NA,50,reported,NA,NA,4,NA,35,armnew,Bees,morphospecies,nested design,5,active,15,75,corresponding author(s)
Krishnan,Krishnan,Krishnan et al. 2012,coffee,Great (40-90%),Medium (2-15ha),forest (forest fragments rangng in size from 0.3 to 20 ha and some officially protected forests >200ha),natural forest,NA,100,reported,NA,NA,3,NA,35,armnew,Bees,morphospecies,nested design,5,active,15,75,corresponding author(s)
Krishnan,Krishnan,Krishnan et al. 2012,coffee,Great (40-90%),Medium (2-15ha),forest (forest fragments rangng in size from 0.3 to 20 ha and some officially protected forests >200ha),natural forest,NA,250,reported,NA,NA,4,NA,35,armnew,Bees,morphospecies,nested design,5,active,15,75,corresponding author(s)
Krishnan,Krishnan,Krishnan et al. 2012,coffee,Great (40-90%),Medium (2-15ha),forest (forest fragments rangng in size from 0.3 to 20 ha and some officially protected forests >200ha),natural forest,NA,100,reported,NA,NA,4,NA,35,bolnew,Bees,morphospecies,nested design,5,active,15,75,corresponding author(s)
Krishnan,Krishnan,Krishnan et al. 2012,coffee,Great (40-90%),Medium (2-15ha),forest (forest fragments rangng in size from 0.3 to 20 ha and some officially protected forests >200ha),natural forest,NA,250,reported,NA,NA,6,NA,35,bolnew,Bees,morphospecies,nested design,5,active,15,75,corresponding author(s)
Krishnan,Krishnan,Krishnan et al. 2012,coffee,Great (40-90%),Medium (2-15ha),forest (forest fragments rangng in size from 0.3 to 20 ha and some officially protected forests >200ha),natural forest,NA,500,reported,NA,NA,4,NA,35,bolnew,Bees,morphospecies,nested design,5,active,15,75,corresponding author(s)
Krishnan,Krishnan,Krishnan et al. 2012,coffee,Great (40-90%),Small (<2ha),forest (forest fragments rangng in size from 0.3 to 20 ha and some officially protected forests >200ha),natural forest,NA,0,reported,NA,NA,4,NA,35,deviyynew,Bees,morphospecies,nested design,5,active,15,75,corresponding author(s)
Krishnan,Krishnan,Krishnan et al. 2012,coffee,Great (40-90%),Medium (2-15ha),forest (forest fragments rangng in size from 0.3 to 20 ha and some officially protected forests >200ha),natural forest,NA,50,reported,NA,NA,6,NA,35,deviyynew,Bees,morphospecies,nested design,5,active,15,75,corresponding author(s)
Krishnan,Krishnan,Krishnan et al. 2012,coffee,Great (40-90%),Medium (2-15ha),forest (forest fragments rangng in size from 0.3 to 20 ha and some officially protected forests >200ha),natural forest,NA,100,reported,NA,NA,3,NA,35,deviyynew,Bees,morphospecies,nested design,5,active,15,75,corresponding author(s)
Krishnan,Krishnan,Krishnan et al. 2012,coffee,Great (40-90%),Medium (2-15ha),forest (forest fragments rangng in size from 0.3 to 20 ha and some officially protected forests >200ha),natural forest,NA,250,reported,NA,NA,5,NA,35,deviyynew,Bees,morphospecies,nested design,5,active,15,75,corresponding author(s)
Krishnan,Krishnan,Krishnan et al. 2012,coffee,Great (40-90%),Medium (2-15ha),forest (forest fragments rangng in size from 0.3 to 20 ha and some officially protected forests >200ha),natural forest,NA,500,reported,NA,NA,4,NA,35,deviyynew,Bees,morphospecies,nested design,5,active,15,75,corresponding author(s)
Krishnan,Krishnan,Krishnan et al. 2012,coffee,Great (40-90%),Small (<2ha),forest (forest fragments rangng in size from 0.3 to 20 ha and some officially protected forests >200ha),natural forest,NA,0,reported,NA,NA,6,NA,35,devtatnew,Bees,morphospecies,nested design,5,active,15,75,corresponding author(s)
Krishnan,Krishnan,Krishnan et al. 2012,coffee,Great (40-90%),Medium (2-15ha),forest (forest fragments rangng in size from 0.3 to 20 ha and some officially protected forests >200ha),natural forest,NA,50,reported,NA,NA,4,NA,35,devtatnew,Bees,morphospecies,nested design,5,active,15,75,corresponding author(s)
Krishnan,Krishnan,Krishnan et al. 2012,coffee,Great (40-90%),Medium (2-15ha),forest (forest fragments rangng in size from 0.3 to 20 ha and some officially protected forests >200ha),natural forest,NA,100,reported,NA,NA,5,NA,35,devtatnew,Bees,morphospecies,nested design,5,active,15,75,corresponding author(s)
Krishnan,Krishnan,Krishnan et al. 2012,coffee,Great (40-90%),Medium (2-15ha),forest (forest fragments rangng in size from 0.3 to 20 ha and some officially protected forests >200ha),natural forest,NA,0,reported,NA,NA,4,NA,35,hatvannew,Bees,morphospecies,nested design,5,active,15,75,corresponding author(s)
Krishnan,Krishnan,Krishnan et al. 2012,coffee,Great (40-90%),Medium (2-15ha),forest (forest fragments rangng in size from 0.3 to 20 ha and some officially protected forests >200ha),natural forest,NA,50,reported,NA,NA,5,NA,35,hatvannew,Bees,morphospecies,nested design,5,active,15,75,corresponding author(s)
Krishnan,Krishnan,Krishnan et al. 2012,coffee,Great (40-90%),Medium (2-15ha),forest (forest fragments rangng in size from 0.3 to 20 ha and some officially protected forests >200ha),natural forest,NA,100,reported,NA,NA,4,NA,35,hatvannew,Bees,morphospecies,nested design,5,active,15,75,corresponding author(s)
Krishnan,Krishnan,Krishnan et al. 2012,coffee,Great (40-90%),Medium (2-15ha),forest (forest fragments rangng in size from 0.3 to 20 ha and some officially protected forests >200ha),natural forest,NA,250,reported,NA,NA,5,NA,35,hatvannew,Bees,morphospecies,nested design,5,active,15,75,corresponding author(s)
Krishnan,Krishnan,Krishnan et al. 2012,coffee,Great (40-90%),Small (<2ha),forest (forest fragments rangng in size from 0.3 to 20 ha and some officially protected forests >200ha),natural forest,NA,500,reported,NA,NA,3,NA,35,hatvannew,Bees,morphospecies,nested design,5,active,15,75,corresponding author(s)
Krishnan,Krishnan,Krishnan et al. 2012,coffee,Great (40-90%),Medium (2-15ha),forest (forest fragments rangng in size from 0.3 to 20 ha and some officially protected forests >200ha),natural forest,NA,0,reported,NA,NA,3,NA,35,kottolinew,Bees,morphospecies,nested design,5,active,15,75,corresponding author(s)
Krishnan,Krishnan,Krishnan et al. 2012,coffee,Great (40-90%),Medium (2-15ha),forest (forest fragments rangng in size from 0.3 to 20 ha and some officially protected forests >200ha),natural forest,NA,50,reported,NA,NA,3,NA,35,kottolinew,Bees,morphospecies,nested design,5,active,15,75,corresponding author(s)
Krishnan,Krishnan,Krishnan et al. 2012,coffee,Great (40-90%),Medium (2-15ha),forest (forest fragments rangng in size from 0.3 to 20 ha and some officially protected forests >200ha),natural forest,NA,100,reported,NA,NA,3,NA,35,kottolinew,Bees,morphospecies,nested design,5,active,15,75,corresponding author(s)
Krishnan,Krishnan,Krishnan et al. 2012,coffee,Great (40-90%),Medium (2-15ha),forest (forest fragments rangng in size from 0.3 to 20 ha and some officially protected forests >200ha),natural forest,NA,250,reported,NA,NA,4,NA,35,kottolinew,Bees,morphospecies,nested design,5,active,15,75,corresponding author(s)
Krishnan,Krishnan,Krishnan et al. 2012,coffee,Great (40-90%),Small (<2ha),forest (forest fragments rangng in size from 0.3 to 20 ha and some officially protected forests >200ha),natural forest,NA,0,reported,NA,NA,1,NA,35,maibatnew,Bees,morphospecies,nested design,5,active,15,75,corresponding author(s)
Krishnan,Krishnan,Krishnan et al. 2012,coffee,Great (40-90%),Small (<2ha),forest (forest fragments rangng in size from 0.3 to 20 ha and some officially protected forests >200ha),natural forest,NA,50,reported,NA,NA,1,NA,35,maibatnew,Bees,morphospecies,nested design,5,active,15,75,corresponding author(s)
Krishnan,Krishnan,Krishnan et al. 2012,coffee,Great (40-90%),Medium (2-15ha),forest (forest fragments rangng in size from 0.3 to 20 ha and some officially protected forests >200ha),natural forest,NA,100,reported,NA,NA,4,NA,35,maibatnew,Bees,morphospecies,nested design,5,active,15,75,corresponding author(s)
Krishnan,Krishnan,Krishnan et al. 2012,coffee,Great (40-90%),Medium (2-15ha),forest (forest fragments rangng in size from 0.3 to 20 ha and some officially protected forests >200ha),natural forest,NA,250,reported,NA,NA,4,NA,35,maibatnew,Bees,morphospecies,nested design,5,active,15,75,corresponding author(s)
Krishnan,Krishnan,Krishnan et al. 2012,coffee,Great (40-90%),Medium (2-15ha),forest (forest fragments rangng in size from 0.3 to 20 ha and some officially protected forests >200ha),natural forest,NA,500,reported,NA,NA,4,NA,35,maibatnew,Bees,morphospecies,nested design,5,active,15,75,corresponding author(s)
Krishnan,Krishnan,Krishnan et al. 2012,coffee,Great (40-90%),Medium (2-15ha),forest (forest fragments rangng in size from 0.3 to 20 ha and some officially protected forests >200ha),natural forest,NA,0,reported,NA,NA,7,NA,35,maimalnew,Bees,morphospecies,nested design,5,active,15,75,corresponding author(s)
Krishnan,Krishnan,Krishnan et al. 2012,coffee,Great (40-90%),Medium (2-15ha),forest (forest fragments rangng in size from 0.3 to 20 ha and some officially protected forests >200ha),natural forest,NA,50,reported,NA,NA,4,NA,35,maimalnew,Bees,morphospecies,nested design,5,active,15,75,corresponding author(s)
Krishnan,Krishnan,Krishnan et al. 2012,coffee,Great (40-90%),Medium (2-15ha),forest (forest fragments rangng in size from 0.3 to 20 ha and some officially protected forests >200ha),natural forest,NA,0,reported,NA,NA,4,NA,35,maimannew,Bees,morphospecies,nested design,5,active,15,75,corresponding author(s)
Krishnan,Krishnan,Krishnan et al. 2012,coffee,Great (40-90%),Medium (2-15ha),forest (forest fragments rangng in size from 0.3 to 20 ha and some officially protected forests >200ha),natural forest,NA,50,reported,NA,NA,4,NA,35,maimannew,Bees,morphospecies,nested design,5,active,15,75,corresponding author(s)
Krishnan,Krishnan,Krishnan et al. 2012,coffee,Great (40-90%),Medium (2-15ha),forest (forest fragments rangng in size from 0.3 to 20 ha and some officially protected forests >200ha),natural forest,NA,100,reported,NA,NA,0,NA,35,maimannew,Bees,morphospecies,nested design,5,active,15,75,corresponding author(s)
Krishnan,Krishnan,Krishnan et al. 2012,coffee,Great (40-90%),Medium (2-15ha),forest (forest fragments rangng in size from 0.3 to 20 ha and some officially protected forests >200ha),natural forest,NA,250,reported,NA,NA,3,NA,35,maimannew,Bees,morphospecies,nested design,5,active,15,75,corresponding author(s)
Krishnan,Krishnan,Krishnan et al. 2012,coffee,Great (40-90%),Medium (2-15ha),forest (forest fragments rangng in size from 0.3 to 20 ha and some officially protected forests >200ha),natural forest,NA,500,reported,NA,NA,2,NA,35,maimannew,Bees,morphospecies,nested design,5,active,15,75,corresponding author(s)
Landaverde,Landaverde,Landaverde-Gonzales et al. 2017,chilli,Great (40-90%),Small (<2ha),"other (forest, natural vegetation comprising trees with a height >10m and fallow land, traditional domestic gardens surrounding dwellings and pastures which are an integral component of the milpa agricultural system)",other,high,45,estimated,44.44,300,3,3,37,"Yucatan, Alfonso Caso",Bees,morphospecies,single distance per site,1,mixed,15 (transects only),60 (transect only),corresponding author(s)
Landaverde,Landaverde,Landaverde-Gonzales et al. 2017,chilli,Great (40-90%),Small (<2ha),"other (forest, natural vegetation comprising trees with a height >10m and fallow land, traditional domestic gardens surrounding dwellings and pastures which are an integral component of the milpa agricultural system)",other,high,5,estimated,9.03,300,20,20,37,"Yucatan, BECANCHAN",Bees,morphospecies,single distance per site,1,mixed,15 (transects only),60 (transect only),corresponding author(s)
Landaverde,Landaverde,Landaverde-Gonzales et al. 2017,chilli,Great (40-90%),Small (<2ha),"other (forest, natural vegetation comprising trees with a height >10m and fallow land, traditional domestic gardens surrounding dwellings and pastures which are an integral component of the milpa agricultural system)",other,high,303,estimated,7.64,300,5,5,37,"Yucatan, Buctzots",Bees,morphospecies,single distance per site,1,mixed,15 (transects only),60 (transect only),corresponding author(s)
Landaverde,Landaverde,Landaverde-Gonzales et al. 2017,chilli,Great (40-90%),Small (<2ha),"other (forest, natural vegetation comprising trees with a height >10m and fallow land, traditional domestic gardens surrounding dwellings and pastures which are an integral component of the milpa agricultural system)",other,high,113,estimated,20.14,300,21,21,37,"Yucatan, CEPEDA",Bees,morphospecies,single distance per site,1,mixed,15 (transects only),60 (transect only),corresponding author(s)
Landaverde,Landaverde,Landaverde-Gonzales et al. 2017,chilli,Great (40-90%),Small (<2ha),"other (forest, natural vegetation comprising trees with a height >10m and fallow land, traditional domestic gardens surrounding dwellings and pastures which are an integral component of the milpa agricultural system)",other,high,0,estimated,0,300,11,11,37,"Yucatan, Homun",Bees,morphospecies,single distance per site,1,mixed,15 (transects only),60 (transect only),corresponding author(s)
Landaverde,Landaverde,Landaverde-Gonzales et al. 2017,chilli,Great (40-90%),Small (<2ha),"other (forest, natural vegetation comprising trees with a height >10m and fallow land, traditional domestic gardens surrounding dwellings and pastures which are an integral component of the milpa agricultural system)",other,high,17,estimated,24.31,300,16,16,37,"Yucatan, ICHMUL",Bees,morphospecies,single distance per site,1,mixed,15 (transects only),60 (transect only),corresponding author(s)
Landaverde,Landaverde,Landaverde-Gonzales et al. 2017,chilli,Great (40-90%),Small (<2ha),"other (forest, natural vegetation comprising trees with a height >10m and fallow land, traditional domestic gardens surrounding dwellings and pastures which are an integral component of the milpa agricultural system)",other,high,602,estimated,0,300,7,7,37,"Yucatan, moctezuma",Bees,morphospecies,single distance per site,1,mixed,15 (transects only),60 (transect only),corresponding author(s)
Landaverde,Landaverde,Landaverde-Gonzales et al. 2017,chilli,Great (40-90%),Small (<2ha),"other (forest, natural vegetation comprising trees with a height >10m and fallow land, traditional domestic gardens surrounding dwellings and pastures which are an integral component of the milpa agricultural system)",other,high,8,estimated,18.06,300,14,14,37,"Yucatan, MOTUL",Bees,morphospecies,single distance per site,1,mixed,15 (transects only),60 (transect only),corresponding author(s)
Landaverde,Landaverde,Landaverde-Gonzales et al. 2017,chilli,Great (40-90%),Small (<2ha),"other (forest, natural vegetation comprising trees with a height >10m and fallow land, traditional domestic gardens surrounding dwellings and pastures which are an integral component of the milpa agricultural system)",other,high,12,estimated,43.06,300,10,10,37,"Yucatan, Muna",Bees,morphospecies,single distance per site,1,mixed,15 (transects only),60 (transect only),corresponding author(s)
Landaverde,Landaverde,Landaverde-Gonzales et al. 2017,chilli,Great (40-90%),Small (<2ha),"other (forest, natural vegetation comprising trees with a height >10m and fallow land, traditional domestic gardens surrounding dwellings and pastures which are an integral component of the milpa agricultural system)",other,high,4,estimated,84.72,300,7,7,37,"Yucatan, Nenela 1",Bees,morphospecies,single distance per site,1,mixed,15 (transects only),60 (transect only),corresponding author(s)
Landaverde,Landaverde,Landaverde-Gonzales et al. 2017,chilli,Great (40-90%),Small (<2ha),"other (forest, natural vegetation comprising trees with a height >10m and fallow land, traditional domestic gardens surrounding dwellings and pastures which are an integral component of the milpa agricultural system)",other,high,17,estimated,63.19,300,6,6,37,"Yucatan, Nenela 3",Bees,morphospecies,single distance per site,1,mixed,15 (transects only),60 (transect only),corresponding author(s)
Landaverde,Landaverde,Landaverde-Gonzales et al. 2017,chilli,Great (40-90%),Small (<2ha),"other (forest, natural vegetation comprising trees with a height >10m and fallow land, traditional domestic gardens surrounding dwellings and pastures which are an integral component of the milpa agricultural system)",other,high,47,estimated,16.08,300,9,9,37,"Yucatan, Rancho Alegre",Bees,morphospecies,single distance per site,1,mixed,15 (transects only),60 (transect only),corresponding author(s)
Landaverde,Landaverde,Landaverde-Gonzales et al. 2017,chilli,Great (40-90%),Small (<2ha),"other (forest, natural vegetation comprising trees with a height >10m and fallow land, traditional domestic gardens surrounding dwellings and pastures which are an integral component of the milpa agricultural system)",other,high,71,estimated,75.69,300,12,12,37,"Yucatan, San Pedro Bacab",Bees,morphospecies,single distance per site,1,mixed,15 (transects only),60 (transect only),corresponding author(s)
Landaverde,Landaverde,Landaverde-Gonzales et al. 2017,chilli,Great (40-90%),Small (<2ha),"other (forest, natural vegetation comprising trees with a height >10m and fallow land, traditional domestic gardens surrounding dwellings and pastures which are an integral component of the milpa agricultural system)",other,high,63,estimated,58.65,300,12,12,37,"Yucatan, Santa Maria",Bees,morphospecies,single distance per site,1,mixed,15 (transects only),60 (transect only),corresponding author(s)
Landaverde,Landaverde,Landaverde-Gonzales et al. 2017,chilli,Great (40-90%),Small (<2ha),"other (forest, natural vegetation comprising trees with a height >10m and fallow land, traditional domestic gardens surrounding dwellings and pastures which are an integral component of the milpa agricultural system)",other,high,17,estimated,20.9,300,24,24,37,"Yucatan, STA MARIAçA SUR",Bees,morphospecies,single distance per site,1,mixed,15 (transects only),60 (transect only),corresponding author(s)
Landaverde,Landaverde,Landaverde-Gonzales et al. 2017,chilli,Great (40-90%),Small (<2ha),"other (forest, natural vegetation comprising trees with a height >10m and fallow land, traditional domestic gardens surrounding dwellings and pastures which are an integral component of the milpa agricultural system)",other,high,56,estimated,54.06,300,9,9,37,"Yucatan, Tah Dziu",Bees,morphospecies,single distance per site,1,mixed,15 (transects only),60 (transect only),corresponding author(s)
Landaverde,Landaverde,Landaverde-Gonzales et al. 2017,chilli,Great (40-90%),Small (<2ha),"other (forest, natural vegetation comprising trees with a height >10m and fallow land, traditional domestic gardens surrounding dwellings and pastures which are an integral component of the milpa agricultural system)",other,high,140,estimated,0,300,8,8,37,"Yucatan, Tah Dziu 2",Bees,morphospecies,single distance per site,1,mixed,15 (transects only),60 (transect only),corresponding author(s)
Landaverde,Landaverde,Landaverde-Gonzales et al. 2017,chilli,Great (40-90%),Small (<2ha),"other (forest, natural vegetation comprising trees with a height >10m and fallow land, traditional domestic gardens surrounding dwellings and pastures which are an integral component of the milpa agricultural system)",other,high,21,estimated,26.39,300,17,17,37,"Yucatan, TEBEK",Bees,morphospecies,single distance per site,1,mixed,15 (transects only),60 (transect only),corresponding author(s)
Landaverde,Landaverde,Landaverde-Gonzales et al. 2017,chilli,Great (40-90%),Small (<2ha),"other (forest, natural vegetation comprising trees with a height >10m and fallow land, traditional domestic gardens surrounding dwellings and pastures which are an integral component of the milpa agricultural system)",other,high,84,estimated,8.33,300,28,28,37,"Yucatan, TEKAL 2",Bees,morphospecies,single distance per site,1,mixed,15 (transects only),60 (transect only),corresponding author(s)
Landaverde,Landaverde,Landaverde-Gonzales et al. 2017,chilli,Great (40-90%),Small (<2ha),"other (forest, natural vegetation comprising trees with a height >10m and fallow land, traditional domestic gardens surrounding dwellings and pastures which are an integral component of the milpa agricultural system)",other,high,108,estimated,0.92,300,13,13,37,"Yucatan, Tekal de Venegas",Bees,morphospecies,single distance per site,1,mixed,15 (transects only),60 (transect only),corresponding author(s)
Landaverde,Landaverde,Landaverde-Gonzales et al. 2017,chilli,Great (40-90%),Small (<2ha),"other (forest, natural vegetation comprising trees with a height >10m and fallow land, traditional domestic gardens surrounding dwellings and pastures which are an integral component of the milpa agricultural system)",other,high,17,estimated,21.53,300,13,13,37,"Yucatan, TEKAX 1",Bees,morphospecies,single distance per site,1,mixed,15 (transects only),60 (transect only),corresponding author(s)
Landaverde,Landaverde,Landaverde-Gonzales et al. 2017,chilli,Great (40-90%),Small (<2ha),"other (forest, natural vegetation comprising trees with a height >10m and fallow land, traditional domestic gardens surrounding dwellings and pastures which are an integral component of the milpa agricultural system)",other,high,23,estimated,2.08,300,24,24,37,"Yucatan, TEKAX 2",Bees,morphospecies,single distance per site,1,mixed,15 (transects only),60 (transect only),corresponding author(s)
Landaverde,Landaverde,Landaverde-Gonzales et al. 2017,chilli,Great (40-90%),Small (<2ha),"other (forest, natural vegetation comprising trees with a height >10m and fallow land, traditional domestic gardens surrounding dwellings and pastures which are an integral component of the milpa agricultural system)",other,high,0,estimated,14.58,300,12,12,37,"Yucatan, Timul 1",Bees,morphospecies,single distance per site,1,mixed,15 (transects only),60 (transect only),corresponding author(s)
Landaverde,Landaverde,Landaverde-Gonzales et al. 2017,chilli,Great (40-90%),Small (<2ha),"other (forest, natural vegetation comprising trees with a height >10m and fallow land, traditional domestic gardens surrounding dwellings and pastures which are an integral component of the milpa agricultural system)",other,high,30,estimated,31.35,300,11,11,37,"Yucatan, Tixcacaltuyub",Bees,morphospecies,single distance per site,1,mixed,15 (transects only),60 (transect only),corresponding author(s)
Landaverde,Landaverde,Landaverde-Gonzales et al. 2017,chilli,Great (40-90%),Small (<2ha),"other (forest, natural vegetation comprising trees with a height >10m and fallow land, traditional domestic gardens surrounding dwellings and pastures which are an integral component of the milpa agricultural system)",other,high,19,estimated,0,300,9,9,37,"Yucatan, Tixcuytun ",Bees,morphospecies,single distance per site,1,mixed,15 (transects only),60 (transect only),corresponding author(s)
Landaverde,Landaverde,Landaverde-Gonzales et al. 2017,chilli,Great (40-90%),Small (<2ha),"other (forest, natural vegetation comprising trees with a height >10m and fallow land, traditional domestic gardens surrounding dwellings and pastures which are an integral component of the milpa agricultural system)",other,high,15,estimated,21.49,300,4,4,37,"Yucatan, Tixcuytun 2",Bees,morphospecies,single distance per site,1,mixed,15 (transects only),60 (transect only),corresponding author(s)
Landaverde,Landaverde,Landaverde-Gonzales et al. 2017,chilli,Great (40-90%),Small (<2ha),"other (forest, natural vegetation comprising trees with a height >10m and fallow land, traditional domestic gardens surrounding dwellings and pastures which are an integral component of the milpa agricultural system)",other,high,117,estimated,59.72,300,4,4,37,"Yucatan, Tixcuytun 3",Bees,morphospecies,single distance per site,1,mixed,15 (transects only),60 (transect only),corresponding author(s)
Landaverde,Landaverde,Landaverde-Gonzales et al. 2017,chilli,Great (40-90%),Small (<2ha),"other (forest, natural vegetation comprising trees with a height >10m and fallow land, traditional domestic gardens surrounding dwellings and pastures which are an integral component of the milpa agricultural system)",other,high,134,estimated,4.83,300,11,11,37,"Yucatan, Tixmehuac 2",Bees,morphospecies,single distance per site,1,mixed,15 (transects only),60 (transect only),corresponding author(s)
Landaverde,Landaverde,Landaverde-Gonzales et al. 2017,chilli,Great (40-90%),Small (<2ha),"other (forest, natural vegetation comprising trees with a height >10m and fallow land, traditional domestic gardens surrounding dwellings and pastures which are an integral component of the milpa agricultural system)",other,high,8,estimated,95.83,300,11,11,37,"Yucatan, TIZIMIN 1",Bees,morphospecies,single distance per site,1,mixed,15 (transects only),60 (transect only),corresponding author(s)
Landaverde,Landaverde,Landaverde-Gonzales et al. 2017,chilli,Great (40-90%),Small (<2ha),"other (forest, natural vegetation comprising trees with a height >10m and fallow land, traditional domestic gardens surrounding dwellings and pastures which are an integral component of the milpa agricultural system)",other,high,33,estimated,63.19,300,20,20,37,"Yucatan, TIZIMIN 2",Bees,morphospecies,single distance per site,1,mixed,15 (transects only),60 (transect only),corresponding author(s)
Landaverde,Landaverde,Landaverde-Gonzales et al. 2017,chilli,Great (40-90%),Small (<2ha),"other (forest, natural vegetation comprising trees with a height >10m and fallow land, traditional domestic gardens surrounding dwellings and pastures which are an integral component of the milpa agricultural system)",other,high,302,estimated,2.08,300,17,17,37,"Yucatan, TIZIMIN CEN",Bees,morphospecies,single distance per site,1,mixed,15 (transects only),60 (transect only),corresponding author(s)
Landaverde,Landaverde,Landaverde-Gonzales et al. 2017,chilli,Great (40-90%),Small (<2ha),"other (forest, natural vegetation comprising trees with a height >10m and fallow land, traditional domestic gardens surrounding dwellings and pastures which are an integral component of the milpa agricultural system)",other,high,146,estimated,98.61,300,9,9,37,"Yucatan, TOH",Bees,morphospecies,single distance per site,1,mixed,15 (transects only),60 (transect only),corresponding author(s)
Landaverde,Landaverde,Landaverde-Gonzales et al. 2017,chilli,Great (40-90%),Small (<2ha),"other (forest, natural vegetation comprising trees with a height >10m and fallow land, traditional domestic gardens surrounding dwellings and pastures which are an integral component of the milpa agricultural system)",other,high,4,estimated,19.38,300,25,25,37,"Yucatan, TZUCACAB 2",Bees,morphospecies,single distance per site,1,mixed,15 (transects only),60 (transect only),corresponding author(s)
Landaverde,Landaverde,Landaverde-Gonzales et al. 2017,chilli,Great (40-90%),Small (<2ha),"other (forest, natural vegetation comprising trees with a height >10m and fallow land, traditional domestic gardens surrounding dwellings and pastures which are an integral component of the milpa agricultural system)",other,high,43,estimated,0,300,19,19,37,"Yucatan, TZUCACAB 3 ",Bees,morphospecies,single distance per site,1,mixed,15 (transects only),60 (transect only),corresponding author(s)
Landaverde,Landaverde,Landaverde-Gonzales et al. 2017,chilli,Great (40-90%),Small (<2ha),"other (forest, natural vegetation comprising trees with a height >10m and fallow land, traditional domestic gardens surrounding dwellings and pastures which are an integral component of the milpa agricultural system)",other,high,3,estimated,18.75,300,13,13,37,"Yucatan, Xaya",Bees,morphospecies,single distance per site,1,mixed,15 (transects only),60 (transect only),corresponding author(s)
Landaverde,Landaverde,Landaverde-Gonzales et al. 2017,chilli,Great (40-90%),Small (<2ha),"other (forest, natural vegetation comprising trees with a height >10m and fallow land, traditional domestic gardens surrounding dwellings and pastures which are an integral component of the milpa agricultural system)",other,high,4,estimated,69.44,300,7,7,37,"Yucatan, Yaxcopil",Bees,morphospecies,single distance per site,1,mixed,15 (transects only),60 (transect only),corresponding author(s)
Landaverde,Landaverde,Landaverde-Gonzales et al. 2017,chilli,Great (40-90%),Small (<2ha),"other (forest, natural vegetation comprising trees with a height >10m and fallow land, traditional domestic gardens surrounding dwellings and pastures which are an integral component of the milpa agricultural system)",other,high,17,estimated,83.33,300,24,24,37,"Yucatan, YOBAiN",Bees,morphospecies,single distance per site,1,mixed,15 (transects only),60 (transect only),corresponding author(s)
Li,Li,Li et al. 2022,oil palm,Little (0-10%),1.5ha,forest (7-ha lowland dipterocarp forest),natural forest,high,100.9897,reported,NA,NA,16,16,47,P004,Arthropods,other,single distance per site,3,passive,1440,4320,open access data
Li,Li,Li et al. 2022,oil palm,Little (0-10%),1.5ha,forest (7-ha lowland dipterocarp forest),natural forest,high,62.35201,reported,NA,NA,18,18,47,P007,Arthropods,other,single distance per site,4,passive,1440,5760,open access data
Li,Li,Li et al. 2022,oil palm,Little (0-10%),1.5ha,forest (7-ha lowland dipterocarp forest),natural forest,high,59.83694,reported,NA,NA,16,16,47,P008,Arthropods,other,single distance per site,3,passive,1440,4320,open access data
Li,Li,Li et al. 2022,oil palm,Little (0-10%),1.5ha,forest (7-ha lowland dipterocarp forest),natural forest,high,60.21169,reported,NA,NA,9,9,47,P013,Arthropods,other,single distance per site,2,passive,1440,2880,open access data
Li,Li,Li et al. 2022,oil palm,Little (0-10%),1.5ha,forest (7-ha lowland dipterocarp forest),natural forest,high,66.57613,reported,NA,NA,15,15,47,P014,Arthropods,other,single distance per site,2,passive,1440,2880,open access data
Li,Li,Li et al. 2022,oil palm,Little (0-10%),1.5ha,forest (7-ha lowland dipterocarp forest),natural forest,high,69.6507,reported,NA,NA,20,20,47,P015,Arthropods,other,single distance per site,5,passive,1440,7200,open access data
Li,Li,Li et al. 2022,oil palm,Little (0-10%),1.5ha,forest (7-ha lowland dipterocarp forest),natural forest,high,85.17345,reported,NA,NA,18,18,47,P017,Arthropods,other,single distance per site,3,passive,1440,4320,open access data
Li,Li,Li et al. 2022,oil palm,Little (0-10%),1.5ha,forest (7-ha lowland dipterocarp forest),natural forest,high,94.17192,reported,NA,NA,19,19,47,P018,Arthropods,other,single distance per site,3,passive,1440,4320,open access data
Li,Li,Li et al. 2022,oil palm,Little (0-10%),1.5ha,forest (7-ha lowland dipterocarp forest),natural forest,high,80.99051,reported,NA,NA,24,24,47,P023,Arthropods,other,single distance per site,4,passive,1440,5760,open access data
Li,Li,Li et al. 2022,oil palm,Little (0-10%),1.5ha,forest (7-ha lowland dipterocarp forest),natural forest,high,84.4808,reported,NA,NA,20,20,47,P024,Arthropods,other,single distance per site,5,passive,1440,7200,open access data
Li,Li,Li et al. 2022,oil palm,Little (0-10%),1.5ha,forest (7-ha lowland dipterocarp forest),natural forest,high,81.49715,reported,NA,NA,18,18,47,P026,Arthropods,other,single distance per site,4,passive,1440,5760,open access data
Li,Li,Li et al. 2022,oil palm,Little (0-10%),1.5ha,forest (7-ha lowland dipterocarp forest),natural forest,high,54.73273,reported,NA,NA,13,13,47,P028,Arthropods,other,single distance per site,1,passive,1440,1440,open access data
Li,Li,Li et al. 2022,oil palm,Little (0-10%),1.5ha,forest (7-ha lowland dipterocarp forest),natural forest,high,72.00898,reported,NA,NA,12,12,47,P033,Arthropods,other,single distance per site,2,passive,1440,2880,open access data
Li,Li,Li et al. 2022,oil palm,Little (0-10%),1.5ha,forest (7-ha lowland dipterocarp forest),natural forest,high,72.06261,reported,NA,NA,16,16,47,P036,Arthropods,other,single distance per site,4,passive,1440,5760,open access data
Li,Li,Li et al. 2022,oil palm,Little (0-10%),1.5ha,forest (7-ha lowland dipterocarp forest),natural forest,high,65.88786,reported,NA,NA,11,11,47,P037,Arthropods,other,single distance per site,1,passive,1440,1440,open access data
Li,Li,Li et al. 2022,oil palm,Little (0-10%),1.5ha,forest (7-ha lowland dipterocarp forest),natural forest,high,63.5677,reported,NA,NA,13,13,47,P041,Arthropods,other,single distance per site,2,passive,1440,2880,open access data
Li,Li,Li et al. 2022,oil palm,Little (0-10%),1.5ha,forest (7-ha lowland dipterocarp forest),natural forest,high,26.99216,reported,NA,NA,21,21,47,P046,Arthropods,other,single distance per site,3,passive,1440,4320,open access data
Li,Li,Li et al. 2022,oil palm,Little (0-10%),1.5ha,forest (7-ha lowland dipterocarp forest),natural forest,high,20.2625,reported,NA,NA,19,19,47,P047,Arthropods,other,single distance per site,5,passive,1440,7200,open access data
Li,Li,Li et al. 2022,oil palm,Little (0-10%),1.5ha,forest (7-ha lowland dipterocarp forest),natural forest,high,36.94935,reported,NA,NA,19,19,47,P049,Arthropods,other,single distance per site,4,passive,1440,5760,open access data
Li,Li,Li et al. 2022,oil palm,Little (0-10%),1.5ha,forest (7-ha lowland dipterocarp forest),natural forest,high,66.54315,reported,NA,NA,21,21,47,P052,Arthropods,other,single distance per site,5,passive,1440,7200,open access data
Li,Li,Li et al. 2022,oil palm,Little (0-10%),1.5ha,forest (7-ha lowland dipterocarp forest),natural forest,high,36.64854,reported,NA,NA,14,14,47,P057,Arthropods,other,single distance per site,3,passive,1440,4320,open access data
Li,Li,Li et al. 2022,oil palm,Little (0-10%),1.5ha,forest (7-ha lowland dipterocarp forest),natural forest,high,61.78805,reported,NA,NA,20,20,47,P062,Arthropods,other,single distance per site,4,passive,1440,5760,open access data
Li,Li,Li et al. 2022,oil palm,Little (0-10%),1.5ha,forest (7-ha lowland dipterocarp forest),natural forest,high,11.85771,reported,NA,NA,15,15,47,P069,Arthropods,other,single distance per site,3,passive,1440,4320,open access data
Li,Li,Li et al. 2022,oil palm,Little (0-10%),1.5ha,forest (7-ha lowland dipterocarp forest),natural forest,high,48.34277,reported,NA,NA,11,11,47,P071,Arthropods,other,single distance per site,2,passive,1440,2880,open access data
Li,Li,Li et al. 2022,oil palm,Little (0-10%),1.5ha,forest (7-ha lowland dipterocarp forest),natural forest,high,48.72756,reported,NA,NA,13,13,47,P074,Arthropods,other,single distance per site,2,passive,1440,2880,open access data
Li,Li,Li et al. 2022,oil palm,Little (0-10%),1.5ha,forest (7-ha lowland dipterocarp forest),natural forest,high,12.29347,reported,NA,NA,12,12,47,P087,Arthropods,other,single distance per site,3,passive,1440,4320,open access data
Li,Li,Li et al. 2022,oil palm,Little (0-10%),1.5ha,forest (7-ha lowland dipterocarp forest),natural forest,high,44.65634,reported,NA,NA,19,19,47,P089,Arthropods,other,single distance per site,4,passive,1440,5760,open access data
Li,Li,Li et al. 2022,oil palm,Little (0-10%),1.5ha,forest (7-ha lowland dipterocarp forest),natural forest,high,38.36587,reported,NA,NA,16,16,47,P091,Arthropods,other,single distance per site,4,passive,1440,5760,open access data
Li,Li,Li et al. 2022,oil palm,Little (0-10%),1.5ha,forest (7-ha lowland dipterocarp forest),natural forest,high,16.85106,reported,NA,NA,15,15,47,P094,Arthropods,other,single distance per site,2,passive,1440,2880,open access data
Li,Li,Li et al. 2022,oil palm,Little (0-10%),1.5ha,forest (7-ha lowland dipterocarp forest),natural forest,high,7.292668,reported,NA,NA,19,19,47,P096,Arthropods,other,single distance per site,4,passive,1440,5760,open access data
Li,Li,Li et al. 2022,oil palm,Little (0-10%),1.5ha,forest (7-ha lowland dipterocarp forest),natural forest,high,31.38958,reported,NA,NA,18,18,47,P100,Arthropods,other,single distance per site,3,passive,1440,4320,open access data
Li,Li,Li et al. 2022,oil palm,Little (0-10%),1.5ha,forest (7-ha lowland dipterocarp forest),natural forest,high,39.28642,reported,NA,NA,10,10,47,P101,Arthropods,other,single distance per site,2,passive,1440,2880,open access data
Li,Li,Li et al. 2022,oil palm,Little (0-10%),1.5ha,forest (7-ha lowland dipterocarp forest),natural forest,high,37.88952,reported,NA,NA,11,11,47,P103,Arthropods,other,single distance per site,1,passive,1440,1440,open access data
Li,Li,Li et al. 2022,oil palm,Little (0-10%),1.5ha,forest (7-ha lowland dipterocarp forest),natural forest,high,12.33807,reported,NA,NA,13,13,47,P107,Arthropods,other,single distance per site,3,passive,1440,4320,open access data
Li,Li,Li et al. 2022,oil palm,Little (0-10%),1.5ha,forest (7-ha lowland dipterocarp forest),natural forest,high,39.82735,reported,NA,NA,27,27,47,P110,Arthropods,other,single distance per site,7,passive,1440,10080,open access data
Li,Li,Li et al. 2022,oil palm,Little (0-10%),1.5ha,forest (7-ha lowland dipterocarp forest),natural forest,high,30.90378,reported,NA,NA,15,15,47,P112,Arthropods,other,single distance per site,2,passive,1440,2880,open access data
Li,Li,Li et al. 2022,oil palm,Little (0-10%),1.5ha,forest (7-ha lowland dipterocarp forest),natural forest,high,17.10733,reported,NA,NA,11,11,47,P114,Arthropods,other,single distance per site,1,passive,1440,1440,open access data
Li,Li,Li et al. 2022,oil palm,Little (0-10%),1.5ha,forest (7-ha lowland dipterocarp forest),natural forest,high,18.09282,reported,NA,NA,12,12,47,P122,Arthropods,other,single distance per site,3,passive,1440,4320,open access data
Li,Li,Li et al. 2022,oil palm,Little (0-10%),1.5ha,forest (7-ha lowland dipterocarp forest),natural forest,high,3.434199,reported,NA,NA,16,16,47,P124,Arthropods,other,single distance per site,4,passive,1440,5760,open access data
Li,Li,Li et al. 2022,oil palm,Little (0-10%),1.5ha,forest (7-ha lowland dipterocarp forest),natural forest,high,9.884319,reported,NA,NA,19,19,47,P127,Arthropods,other,single distance per site,4,passive,1440,5760,open access data
Li,Li,Li et al. 2022,oil palm,Little (0-10%),1.5ha,forest (7-ha lowland dipterocarp forest),natural forest,high,3.904773,reported,NA,NA,15,15,47,P128,Arthropods,other,single distance per site,2,passive,1440,2880,open access data
Li,Li,Li et al. 2022,oil palm,Little (0-10%),1.5ha,forest (7-ha lowland dipterocarp forest),natural forest,high,14.99628,reported,NA,NA,16,16,47,P130,Arthropods,other,single distance per site,3,passive,1440,4320,open access data
Li,Li,Li et al. 2022,oil palm,Little (0-10%),1.5ha,forest (7-ha lowland dipterocarp forest),natural forest,high,13.05595,reported,NA,NA,14,14,47,P132,Arthropods,other,single distance per site,2,passive,1440,2880,open access data
Li,Li,Li et al. 2022,oil palm,Little (0-10%),1.5ha,forest (7-ha lowland dipterocarp forest),natural forest,high,7.693682,reported,NA,NA,10,10,47,P133,Arthropods,other,single distance per site,2,passive,1440,2880,open access data
Li,Li,Li et al. 2022,oil palm,Little (0-10%),1.5ha,forest (7-ha lowland dipterocarp forest),natural forest,high,5.841479,reported,NA,NA,18,18,47,P134,Arthropods,other,single distance per site,5,passive,1440,7200,open access data
Li,Li,Li et al. 2022,oil palm,Little (0-10%),1.5ha,forest (7-ha lowland dipterocarp forest),natural forest,high,2.150085,reported,NA,NA,24,24,47,P135,Arthropods,other,single distance per site,7,passive,1440,10080,open access data
Li,Li,Li et al. 2022,oil palm,Little (0-10%),1.5ha,forest (7-ha lowland dipterocarp forest),natural forest,high,0.610095,reported,NA,NA,9,9,47,P138,Arthropods,other,single distance per site,1,passive,1440,1440,open access data
LucasGarcia,LucasGarcia,"Lucas-Garcia and Rosas-Guerrero, unpub",mango,Great (40-90%),0.9 ha,forest,natural forest,high,787.5,reported,NA,NA,6,6,18,Gregmix,Insecta,other,single distance per site,1,active,45,45,corresponding author(s)
LucasGarcia,LucasGarcia,"Lucas-Garcia and Rosas-Guerrero, unpub",mango,Great (40-90%),1.7 ha,forest,natural forest,high,747.2,reported,NA,NA,4,4,18,Aldmix,Insecta,other,single distance per site,1,active,45,45,corresponding author(s)
LucasGarcia,LucasGarcia,"Lucas-Garcia and Rosas-Guerrero, unpub",mango,Great (40-90%),3.0 ha,forest,natural forest,high,1106.6,reported,NA,NA,1,0,18,Alcanfor,Insecta,other,single distance per site,1,active,45,45,corresponding author(s)
LucasGarcia,LucasGarcia,"Lucas-Garcia and Rosas-Guerrero, unpub",mango,Great (40-90%),2.5 ha,forest,natural forest,high,398.74,reported,NA,NA,6,5,18,Fonseca,Insecta,other,single distance per site,1,active,45,45,corresponding author(s)
LucasGarcia,LucasGarcia,"Lucas-Garcia and Rosas-Guerrero, unpub",mango,Great (40-90%),1.8 ha,forest,natural forest,high,1016.81,reported,NA,NA,5,4,18,Bombamix,Insecta,other,single distance per site,1,active,45,45,corresponding author(s)
LucasGarcia,LucasGarcia,"Lucas-Garcia and Rosas-Guerrero, unpub",mango,Great (40-90%),0.8 ha,forest,natural forest,high,212.15,reported,NA,NA,9,8,18,Aserr,Insecta,other,single distance per site,1,active,45,45,corresponding author(s)
LucasGarcia,LucasGarcia,"Lucas-Garcia and Rosas-Guerrero, unpub",mango,Great (40-90%),3.0 ha,forest,natural forest,high,386.34,reported,NA,NA,9,9,18,Vicuno,Insecta,other,single distance per site,1,active,45,45,corresponding author(s)
LucasGarcia,LucasGarcia,"Lucas-Garcia and Rosas-Guerrero, unpub",mango,Great (40-90%),2.9 ha,forest,natural forest,high,652.6,reported,NA,NA,5,4,18,Corn,Insecta,other,single distance per site,1,active,45,45,corresponding author(s)
LucasGarcia,LucasGarcia,"Lucas-Garcia and Rosas-Guerrero, unpub",mango,Great (40-90%),3.0 ha,forest,natural forest,high,515.44,reported,NA,NA,4,3,18,Galdos,Insecta,other,single distance per site,1,active,45,45,corresponding author(s)
LucasGarcia,LucasGarcia,"Lucas-Garcia and Rosas-Guerrero, unpub",mango,Great (40-90%),1.8 ha,forest,natural forest,high,1016.81,reported,NA,NA,7,6,18,Fonsecab,Insecta,other,single distance per site,1,active,45,45,corresponding author(s)
LucasGarcia,LucasGarcia,"Lucas-Garcia and Rosas-Guerrero, unpub",mango,Great (40-90%),2.8 ha,forest,natural forest,high,476.95,reported,NA,NA,8,7,18,Cuatas,Insecta,other,single distance per site,1,active,45,45,corresponding author(s)
LucasGarcia,LucasGarcia,"Lucas-Garcia and Rosas-Guerrero, unpub",mango,Great (40-90%),2.6 ha,forest,natural forest,high,538.32,reported,NA,NA,8,7,18,Entrada,Insecta,other,single distance per site,1,active,45,45,corresponding author(s)
LucasGarcia,LucasGarcia,"Lucas-Garcia and Rosas-Guerrero, unpub",mango,Great (40-90%),2.0 ha,forest,natural forest,high,474.15,reported,NA,NA,8,7,18,Fogata,Insecta,other,single distance per site,1,active,45,45,corresponding author(s)
LucasGarcia,LucasGarcia,"Lucas-Garcia and Rosas-Guerrero, unpub",mango,Great (40-90%),2.4 ha,forest,natural forest,high,52.63,reported,NA,NA,8,7,18,Limon,Insecta,other,single distance per site,1,active,45,45,corresponding author(s)
LucasGarcia,LucasGarcia,"Lucas-Garcia and Rosas-Guerrero, unpub",mango,Great (40-90%),2.0 ha,forest,natural forest,high,614.92,reported,NA,NA,10,10,18,Ojoagua,Insecta,other,single distance per site,1,active,45,45,corresponding author(s)
LucasGarcia,LucasGarcia,"Lucas-Garcia and Rosas-Guerrero, unpub",mango,Great (40-90%),3.0 ha,forest,natural forest,high,1030.49,reported,NA,NA,4,3,18,Playa,Insecta,other,single distance per site,1,active,45,45,corresponding author(s)
LucasGarcia,LucasGarcia,"Lucas-Garcia and Rosas-Guerrero, unpub",mango,Great (40-90%),2.9 ha,forest,natural forest,high,265.16,reported,NA,NA,5,4,18,SanLuis,Insecta,other,single distance per site,1,active,45,45,corresponding author(s)
LucasGarcia,LucasGarcia,"Lucas-Garcia and Rosas-Guerrero, unpub",mango,Great (40-90%),2.5 ha,forest,natural forest,high,87.01,reported,NA,NA,5,4,18,Sustrato,Insecta,other,single distance per site,1,active,45,45,corresponding author(s)
Obregon,Obregon,Obregon et al. 2021,lulo' or 'naranjilla',Essential (90-100%),Medium (2-15ha),forest (primary and secondary forest),natural forest,high,90,estimated,0.2,500,0.666666667,NA,10,1 Centro Sur,Bees,morphospecies,single distance per site,6,active,30,180,corresponding author(s)
Obregon,Obregon,Obregon et al. 2021,lulo' or 'naranjilla',Essential (90-100%),Medium (2-15ha),forest (primary and secondary forest),natural forest,high,55,estimated,0.44,500,2.666666667,NA,10,10 Barriales,Bees,morphospecies,single distance per site,6,active,30,180,corresponding author(s)
Obregon,Obregon,Obregon et al. 2021,lulo' or 'naranjilla',Essential (90-100%),Medium (2-15ha),forest (primary and secondary forest),natural forest,high,10,estimated,0.27,500,5,NA,10,2 Mundo viejo ,Bees,morphospecies,single distance per site,6,active,30,180,corresponding author(s)
Obregon,Obregon,Obregon et al. 2021,lulo' or 'naranjilla',Essential (90-100%),Medium (2-15ha),forest (primary and secondary forest),natural forest,high,0,estimated,0.15,500,4,NA,10,3 Chuyagua,Bees,morphospecies,single distance per site,6,active,30,180,corresponding author(s)
Obregon,Obregon,Obregon et al. 2021,lulo' or 'naranjilla',Essential (90-100%),Medium (2-15ha),forest (primary and secondary forest),natural forest,high,50,estimated,0.46,500,6,NA,10,4 Teguita baja,Bees,morphospecies,single distance per site,6,active,30,180,corresponding author(s)
Obregon,Obregon,Obregon et al. 2021,lulo' or 'naranjilla',Essential (90-100%),Medium (2-15ha),forest (primary and secondary forest),natural forest,high,23,estimated,0.62,500,7.333333333,NA,10,5 Teguita baja,Bees,morphospecies,single distance per site,6,active,30,180,corresponding author(s)
Obregon,Obregon,Obregon et al. 2021,lulo' or 'naranjilla',Essential (90-100%),Medium (2-15ha),forest (primary and secondary forest),natural forest,high,0,estimated,0.21,500,4.333333333,NA,10,6 Barriales,Bees,morphospecies,single distance per site,6,active,30,180,corresponding author(s)
Obregon,Obregon,Obregon et al. 2021,lulo' or 'naranjilla',Essential (90-100%),Medium (2-15ha),forest (primary and secondary forest),natural forest,high,70,estimated,0.29,500,3.666666667,NA,10,7 Centro Sur,Bees,morphospecies,single distance per site,6,active,30,180,corresponding author(s)
Obregon,Obregon,Obregon et al. 2021,lulo' or 'naranjilla',Essential (90-100%),Medium (2-15ha),forest (primary and secondary forest),natural forest,high,30,estimated,0.27,500,4,NA,10,8 Centro Norte,Bees,morphospecies,single distance per site,6,active,30,180,corresponding author(s)
Obregon,Obregon,Obregon et al. 2021,lulo' or 'naranjilla',Essential (90-100%),Medium (2-15ha),forest (primary and secondary forest),natural forest,high,0,estimated,0.38,500,3,NA,10,9 Chuyagua,Bees,morphospecies,single distance per site,6,active,30,180,corresponding author(s)
Riojas-Lopez,Riojas-Lopez,Riojas-Lopez et al. 2019,nopal,NA,7.4,remnants of shrubland,other,low,100,reported,NA,NA,22,21,8,Laborcilla,Bees,morphospecies,single distance per site,30,passive,30,900,corresponding author(s)
Riojas-Lopez,Riojas-Lopez,Riojas-Lopez et al. 2019,nopal,NA,4.5,remnants of shrubland,other,low,180,reported,NA,NA,24,23,8,Mesa,Bees,morphospecies,single distance per site,30,passive,30,900,corresponding author(s)
Riojas-Lopez,Riojas-Lopez,Riojas-Lopez et al. 2019,nopal,NA,8.9,remnants of shrubland,other,low,500,reported,NA,NA,22,21,8,Morenitos,Bees,morphospecies,single distance per site,30,passive,30,900,corresponding author(s)
Riojas-Lopez,Riojas-Lopez,Riojas-Lopez et al. 2019,nopal,NA,3.2,remnants of shrubland,other,low,800,reported,NA,NA,18,19,8,Ojuelos,Bees,morphospecies,single distance per site,30,passive,30,900,corresponding author(s)
Riojas-Lopez,Riojas-Lopez,Riojas-Lopez et al. 2019,nopal,NA,11,remnants of shrubland,other,low,760,reported,NA,NA,21,20,8,Palma,Bees,morphospecies,single distance per site,30,passive,30,900,corresponding author(s)
Riojas-Lopez,Riojas-Lopez,Riojas-Lopez et al. 2019,nopal,NA,2.7,remnants of shrubland,other,low,840,reported,NA,NA,19,18,8,Salitrillo,Bees,morphospecies,single distance per site,30,passive,30,900,corresponding author(s)
Riojas-Lopez,Riojas-Lopez,Riojas-Lopez et al. 2019,nopal,NA,4,remnants of shrubland,other,low,870,reported,NA,NA,26,25,8,Noria,Bees,morphospecies,single distance per site,30,passive,30,900,corresponding author(s)
Riojas-Lopez,Riojas-Lopez,Riojas-Lopez et al. 2019,nopal,NA,6,remnants of shrubland,other,low,680,reported,NA,NA,20,19,8,Victoria,Bees,morphospecies,single distance per site,30,passive,30,900,corresponding author(s)
Schrader,Schrader,Schrader et al. 2018,"Rice, sweet potato, petchay, cucurbits",NA,Small (<2ha),other (woody habitats including forest and fallows),other,low,5,estimated,NA,NA,3,2,10,Bocos,Bees,morphospecies,paired sites,4,active,15,60,corresponding author(s)
Schrader,Schrader,Schrader et al. 2018,"Rice, sweet potato, petchay, cucurbits",NA,Small (<2ha),other (woody habitats including forest and fallows),other,low,30,estimated,NA,NA,2,2,10,Bocos,Bees,morphospecies,paired sites,4,active,15,60,corresponding author(s)
Schrader,Schrader,Schrader et al. 2018,"Rice, sweet potato, petchay, cucurbits",NA,Small (<2ha),other (woody habitats including forest and fallows),other,low,0,estimated,NA,NA,5,5,10,Cabuy,Bees,morphospecies,paired sites,4,active,15,60,corresponding author(s)
Schrader,Schrader,Schrader et al. 2018,"Rice, sweet potato, petchay, cucurbits",NA,Small (<2ha),other (woody habitats including forest and fallows),other,low,50,estimated,NA,NA,4,3,10,Cabuy,Bees,morphospecies,paired sites,4,active,15,60,corresponding author(s)
Schrader,Schrader,Schrader et al. 2018,"Rice, sweet potato, petchay, cucurbits",NA,Small (<2ha),other (woody habitats including forest and fallows),other,low,0,estimated,NA,NA,6,5,10,Guihob,Bees,morphospecies,paired sites,4,active,15,60,corresponding author(s)
Schrader,Schrader,Schrader et al. 2018,"Rice, sweet potato, petchay, cucurbits",NA,Small (<2ha),other (woody habitats including forest and fallows),other,low,75,estimated,NA,NA,2,2,10,Guihob,Bees,morphospecies,paired sites,4,active,15,60,corresponding author(s)
Schrader,Schrader,Schrader et al. 2018,"Rice, sweet potato, petchay, cucurbits",NA,Small (<2ha),other (woody habitats including forest and fallows),other,low,0,estimated,NA,NA,4,3,10,Habbang,Bees,morphospecies,paired sites,4,active,15,60,corresponding author(s)
Schrader,Schrader,Schrader et al. 2018,"Rice, sweet potato, petchay, cucurbits",NA,Small (<2ha),other (woody habitats including forest and fallows),other,low,50,estimated,NA,NA,3,2,10,Habbang,Bees,morphospecies,paired sites,4,active,15,60,corresponding author(s)
Schrader,Schrader,Schrader et al. 2018,"Rice, sweet potato, petchay, cucurbits",NA,Small (<2ha),other (woody habitats including forest and fallows),other,low,10,estimated,NA,NA,7,6,10,Ibayong,Bees,morphospecies,paired sites,4,active,15,60,corresponding author(s)
Schrader,Schrader,Schrader et al. 2018,"Rice, sweet potato, petchay, cucurbits",NA,Small (<2ha),other (woody habitats including forest and fallows),other,low,85,estimated,NA,NA,1,0,10,Ibayong,Bees,morphospecies,paired sites,4,active,15,60,corresponding author(s)
Schrader,Schrader,Schrader et al. 2018,"Rice, sweet potato, petchay, cucurbits",NA,Small (<2ha),other (woody habitats including forest and fallows),other,low,0,estimated,NA,NA,5,4,10,Lubbun,Bees,morphospecies,paired sites,4,active,15,60,corresponding author(s)
Schrader,Schrader,Schrader et al. 2018,"Rice, sweet potato, petchay, cucurbits",NA,Small (<2ha),other (woody habitats including forest and fallows),other,low,40,estimated,NA,NA,2,1,10,Lubbun,Bees,morphospecies,paired sites,4,active,15,60,corresponding author(s)
Schrader,Schrader,Schrader et al. 2018,"Rice, sweet potato, petchay, cucurbits",NA,Small (<2ha),other (woody habitats including forest and fallows),other,low,0,estimated,NA,NA,2,4,10,Poitan A,Bees,morphospecies,paired sites,4,active,15,60,corresponding author(s)
Schrader,Schrader,Schrader et al. 2018,"Rice, sweet potato, petchay, cucurbits",NA,Small (<2ha),other (woody habitats including forest and fallows),other,low,90,estimated,NA,NA,3,2,10,Poitan A,Bees,morphospecies,paired sites,4,active,15,60,corresponding author(s)
Schrader,Schrader,Schrader et al. 2018,"Rice, sweet potato, petchay, cucurbits",NA,Small (<2ha),other (woody habitats including forest and fallows),other,low,15,estimated,NA,NA,4,2,10,Poitan B,Bees,morphospecies,paired sites,4,active,15,60,corresponding author(s)
Schrader,Schrader,Schrader et al. 2018,"Rice, sweet potato, petchay, cucurbits",NA,Small (<2ha),other (woody habitats including forest and fallows),other,low,55,estimated,NA,NA,3,3,10,Poitan B,Bees,morphospecies,paired sites,4,active,15,60,corresponding author(s)
Schrader,Schrader,Schrader et al. 2018,"Rice, sweet potato, petchay, cucurbits",NA,Small (<2ha),other (woody habitats including forest and fallows),other,low,5,estimated,NA,NA,5,4,10,Pugo,Bees,morphospecies,paired sites,4,active,15,60,corresponding author(s)
Schrader,Schrader,Schrader et al. 2018,"Rice, sweet potato, petchay, cucurbits",NA,Small (<2ha),other (woody habitats including forest and fallows),other,low,80,estimated,NA,NA,3,2,10,Pugo,Bees,morphospecies,paired sites,4,active,15,60,corresponding author(s)
SeverianoGaleana,SeverianoGaleana,Severiano-Galeana et al. 2024,Mango,Great (40-90%),6,forest (tropical dry forest patches),natural forest,high,913.57,reported,NA,NA,3,NA,24,aldo,Insecta,morphospecies,single distance per site,18,active,15,270,open access data (https://figshare.com/articles/dataset/Dataset_forest_mango_Ataulfo/24540940/1?file=43104718)
SeverianoGaleana,SeverianoGaleana,Severiano-Galeana et al. 2024,Mango,Great (40-90%),3,forest (tropical dry forest patches),natural forest,high,313.13,reported,NA,NA,4,NA,24,bomba_tres,Insecta,morphospecies,single distance per site,18,active,15,270,open access data (https://figshare.com/articles/dataset/Dataset_forest_mango_Ataulfo/24540940/1?file=43104718)
SeverianoGaleana,SeverianoGaleana,Severiano-Galeana et al. 2024,Mango,Great (40-90%),2,forest (tropical dry forest patches),natural forest,high,496.75,reported,NA,NA,3,NA,24,chivos,Insecta,morphospecies,single distance per site,18,active,15,270,open access data (https://figshare.com/articles/dataset/Dataset_forest_mango_Ataulfo/24540940/1?file=43104718)
SeverianoGaleana,SeverianoGaleana,Severiano-Galeana et al. 2024,Mango,Great (40-90%),6,forest (tropical dry forest patches),natural forest,high,1007.66,reported,NA,NA,2,NA,24,cornelio_dos,Insecta,morphospecies,single distance per site,18,active,15,270,open access data (https://figshare.com/articles/dataset/Dataset_forest_mango_Ataulfo/24540940/1?file=43104718)
SeverianoGaleana,SeverianoGaleana,Severiano-Galeana et al. 2024,Mango,Great (40-90%),6,forest (tropical dry forest patches),natural forest,high,599.56,reported,NA,NA,5,NA,24,cornelio_tres,Insecta,morphospecies,single distance per site,18,active,15,270,open access data (https://figshare.com/articles/dataset/Dataset_forest_mango_Ataulfo/24540940/1?file=43104718)
SeverianoGaleana,SeverianoGaleana,Severiano-Galeana et al. 2024,Mango,Great (40-90%),2,forest (tropical dry forest patches),natural forest,high,653.68,reported,NA,NA,4,NA,24,cuberto,Insecta,morphospecies,single distance per site,18,active,15,270,open access data (https://figshare.com/articles/dataset/Dataset_forest_mango_Ataulfo/24540940/1?file=43104718)
SeverianoGaleana,SeverianoGaleana,Severiano-Galeana et al. 2024,Mango,Great (40-90%),2,forest (tropical dry forest patches),natural forest,high,626.11,reported,NA,NA,6,NA,24,curva,Insecta,morphospecies,single distance per site,18,active,15,270,open access data (https://figshare.com/articles/dataset/Dataset_forest_mango_Ataulfo/24540940/1?file=43104718)
SeverianoGaleana,SeverianoGaleana,Severiano-Galeana et al. 2024,Mango,Great (40-90%),1,forest (tropical dry forest patches),natural forest,high,894.86,reported,NA,NA,9,NA,24,david_sotelo,Insecta,morphospecies,single distance per site,18,active,15,270,open access data (https://figshare.com/articles/dataset/Dataset_forest_mango_Ataulfo/24540940/1?file=43104718)
SeverianoGaleana,SeverianoGaleana,Severiano-Galeana et al. 2024,Mango,Great (40-90%),2,forest (tropical dry forest patches),natural forest,high,178.17,reported,NA,NA,5,NA,24,dorado,Insecta,morphospecies,single distance per site,18,active,15,270,open access data (https://figshare.com/articles/dataset/Dataset_forest_mango_Ataulfo/24540940/1?file=43104718)
SeverianoGaleana,SeverianoGaleana,Severiano-Galeana et al. 2024,Mango,Great (40-90%),4,forest (tropical dry forest patches),natural forest,high,380.88,reported,NA,NA,5,NA,24,gregorio,Insecta,morphospecies,single distance per site,18,active,15,270,open access data (https://figshare.com/articles/dataset/Dataset_forest_mango_Ataulfo/24540940/1?file=43104718)
SeverianoGaleana,SeverianoGaleana,Severiano-Galeana et al. 2024,Mango,Great (40-90%),3,forest (tropical dry forest patches),natural forest,high,2000,reported,NA,NA,1,NA,24,jesus,Insecta,morphospecies,single distance per site,18,active,15,270,open access data (https://figshare.com/articles/dataset/Dataset_forest_mango_Ataulfo/24540940/1?file=43104718)
SeverianoGaleana,SeverianoGaleana,Severiano-Galeana et al. 2024,Mango,Great (40-90%),4,forest (tropical dry forest patches),natural forest,high,168.35,reported,NA,NA,10,NA,24,marcelino,Insecta,morphospecies,single distance per site,18,active,15,270,open access data (https://figshare.com/articles/dataset/Dataset_forest_mango_Ataulfo/24540940/1?file=43104718)
SeverianoGaleana,SeverianoGaleana,Severiano-Galeana et al. 2024,Mango,Great (40-90%),4,forest (tropical dry forest patches),natural forest,high,168.34,reported,NA,NA,6,NA,24,marcelino_dos,Insecta,morphospecies,single distance per site,18,active,15,270,open access data (https://figshare.com/articles/dataset/Dataset_forest_mango_Ataulfo/24540940/1?file=43104718)
SeverianoGaleana,SeverianoGaleana,Severiano-Galeana et al. 2024,Mango,Great (40-90%),4,forest (tropical dry forest patches),natural forest,high,400.94,reported,NA,NA,2,NA,24,marcelino_tres,Insecta,morphospecies,single distance per site,18,active,15,270,open access data (https://figshare.com/articles/dataset/Dataset_forest_mango_Ataulfo/24540940/1?file=43104718)
SeverianoGaleana,SeverianoGaleana,Severiano-Galeana et al. 2024,Mango,Great (40-90%),3,forest (tropical dry forest patches),natural forest,high,700.67,reported,NA,NA,5,NA,24,margarito,Insecta,morphospecies,single distance per site,18,active,15,270,open access data (https://figshare.com/articles/dataset/Dataset_forest_mango_Ataulfo/24540940/1?file=43104718)
SeverianoGaleana,SeverianoGaleana,Severiano-Galeana et al. 2024,Mango,Great (40-90%),3,forest (tropical dry forest patches),natural forest,high,700.66,reported,NA,NA,5,NA,24,margarito_dos,Insecta,morphospecies,single distance per site,18,active,15,270,open access data (https://figshare.com/articles/dataset/Dataset_forest_mango_Ataulfo/24540940/1?file=43104718)
SeverianoGaleana,SeverianoGaleana,Severiano-Galeana et al. 2024,Mango,Great (40-90%),4,forest (tropical dry forest patches),natural forest,high,602.07,reported,NA,NA,5,NA,24,militar,Insecta,morphospecies,single distance per site,18,active,15,270,open access data (https://figshare.com/articles/dataset/Dataset_forest_mango_Ataulfo/24540940/1?file=43104718)
SeverianoGaleana,SeverianoGaleana,Severiano-Galeana et al. 2024,Mango,Great (40-90%),2,forest (tropical dry forest patches),natural forest,high,567.05,reported,NA,NA,13,NA,24,nuxco,Insecta,morphospecies,single distance per site,18,active,15,270,open access data (https://figshare.com/articles/dataset/Dataset_forest_mango_Ataulfo/24540940/1?file=43104718)
SeverianoGaleana,SeverianoGaleana,Severiano-Galeana et al. 2024,Mango,Great (40-90%),4,forest (tropical dry forest patches),natural forest,high,1464.77,reported,NA,NA,3,NA,24,nuxco_tres,Insecta,morphospecies,single distance per site,18,active,15,270,open access data (https://figshare.com/articles/dataset/Dataset_forest_mango_Ataulfo/24540940/1?file=43104718)
SeverianoGaleana,SeverianoGaleana,Severiano-Galeana et al. 2024,Mango,Great (40-90%),3,forest (tropical dry forest patches),natural forest,high,1024.37,reported,NA,NA,5,NA,24,profe ,Insecta,morphospecies,single distance per site,18,active,15,270,open access data (https://figshare.com/articles/dataset/Dataset_forest_mango_Ataulfo/24540940/1?file=43104718)
SeverianoGaleana,SeverianoGaleana,Severiano-Galeana et al. 2024,Mango,Great (40-90%),2,forest (tropical dry forest patches),natural forest,high,261.63,reported,NA,NA,6,NA,24,profe_dos,Insecta,morphospecies,single distance per site,18,active,15,270,open access data (https://figshare.com/articles/dataset/Dataset_forest_mango_Ataulfo/24540940/1?file=43104718)
SeverianoGaleana,SeverianoGaleana,Severiano-Galeana et al. 2024,Mango,Great (40-90%),3,forest (tropical dry forest patches),natural forest,high,262.39,reported,NA,NA,9,NA,24,san_jeronimo,Insecta,morphospecies,single distance per site,18,active,15,270,open access data (https://figshare.com/articles/dataset/Dataset_forest_mango_Ataulfo/24540940/1?file=43104718)
SeverianoGaleana,SeverianoGaleana,Severiano-Galeana et al. 2024,Mango,Great (40-90%),3,forest (tropical dry forest patches),natural forest,high,479.25,reported,NA,NA,6,NA,24,san_jeronimo_dos,Insecta,morphospecies,single distance per site,18,active,15,270,open access data (https://figshare.com/articles/dataset/Dataset_forest_mango_Ataulfo/24540940/1?file=43104718)
SeverianoGaleana,SeverianoGaleana,Severiano-Galeana et al. 2024,Mango,Great (40-90%),1,forest (tropical dry forest patches),natural forest,high,52.22,reported,NA,NA,5,NA,24,vista_hermosa,Insecta,morphospecies,single distance per site,18,active,15,270,open access data (https://figshare.com/articles/dataset/Dataset_forest_mango_Ataulfo/24540940/1?file=43104718)
Sitotaw,Sitotaw,Sitotaw et al. 2022,Coffee,Modest (10-40%),0.6,forest (sacred church forests; remnant natural forest),natural forest,low,200,reported,NA,NA,9,8,72,Giyorgis-06,Insecta,other,nested design,2,active,15,30,corresponding author(s)
Sitotaw,Sitotaw,Sitotaw et al. 2022,Coffee,Modest (10-40%),0.6,forest (sacred church forests; remnant natural forest),natural forest,low,500,reported,NA,NA,8,7,72,Giyorgis-06,Insecta,other,nested design,2,active,15,30,corresponding author(s)
Sitotaw,Sitotaw,Sitotaw et al. 2022,Coffee,Modest (10-40%),0.6,forest (sacred church forests; remnant natural forest),natural forest,low,1000,reported,NA,NA,6,5,72,Giyorgis-06,Insecta,other,nested design,2,active,15,30,corresponding author(s)
Sitotaw,Sitotaw,Sitotaw et al. 2022,Coffee,Modest (10-40%),0.6,forest (sacred church forests; remnant natural forest),natural forest,low,1500,reported,NA,NA,6,5,72,Giyorgis-06,Insecta,other,nested design,2,active,15,30,corresponding author(s)
Sitotaw,Sitotaw,Sitotaw et al. 2022,Coffee,Modest (10-40%),0.5,forest (sacred church forests; remnant natural forest),natural forest,low,200,reported,NA,NA,9,8,72,ZegeTek-16,Insecta,other,nested design,2,active,15,30,corresponding author(s)
Sitotaw,Sitotaw,Sitotaw et al. 2022,Coffee,Modest (10-40%),0.5,forest (sacred church forests; remnant natural forest),natural forest,low,500,reported,NA,NA,7,6,72,ZegeTek-16,Insecta,other,nested design,2,active,15,30,corresponding author(s)
Sitotaw,Sitotaw,Sitotaw et al. 2022,Coffee,Modest (10-40%),0.5,forest (sacred church forests; remnant natural forest),natural forest,low,1000,reported,NA,NA,6,5,72,ZegeTek-16,Insecta,other,nested design,2,active,15,30,corresponding author(s)
Sitotaw,Sitotaw,Sitotaw et al. 2022,Coffee,Modest (10-40%),0.5,forest (sacred church forests; remnant natural forest),natural forest,low,1500,reported,NA,NA,6,5,72,ZegeTek-16,Insecta,other,nested design,2,active,15,30,corresponding author(s)
Sitotaw,Sitotaw,Sitotaw et al. 2022,Coffee,Modest (10-40%),0.5,forest (sacred church forests; remnant natural forest),natural forest,low,200,reported,NA,NA,7,6,72,ZegeUra-17,Insecta,other,nested design,2,active,15,30,corresponding author(s)
Sitotaw,Sitotaw,Sitotaw et al. 2022,Coffee,Modest (10-40%),0.5,forest (sacred church forests; remnant natural forest),natural forest,low,500,reported,NA,NA,7,6,72,ZegeUra-17,Insecta,other,nested design,2,active,15,30,corresponding author(s)
Sitotaw,Sitotaw,Sitotaw et al. 2022,Coffee,Modest (10-40%),0.5,forest (sacred church forests; remnant natural forest),natural forest,low,1000,reported,NA,NA,6,5,72,ZegeUra-17,Insecta,other,nested design,2,active,15,30,corresponding author(s)
Sitotaw,Sitotaw,Sitotaw et al. 2022,Coffee,Modest (10-40%),0.7,forest (sacred church forests; remnant natural forest),natural forest,low,200,reported,NA,NA,9,8,72,ZegeMedh-18,Insecta,other,nested design,2,active,15,30,corresponding author(s)
Sitotaw,Sitotaw,Sitotaw et al. 2022,Coffee,Modest (10-40%),0.7,forest (sacred church forests; remnant natural forest),natural forest,low,500,reported,NA,NA,7,6,72,ZegeMedh-18,Insecta,other,nested design,2,active,15,30,corresponding author(s)
Sitotaw,Sitotaw,Sitotaw et al. 2022,Coffee,Modest (10-40%),0.7,forest (sacred church forests; remnant natural forest),natural forest,low,1000,reported,NA,NA,6,5,72,ZegeMedh-18,Insecta,other,nested design,2,active,15,30,corresponding author(s)
Sitotaw,Sitotaw,Sitotaw et al. 2022,Faba bean,Modest (10-40%),0.8,forest (sacred church forests; remnant natural forest),natural forest,low,200,reported,NA,NA,7,6,72,Debresina-01,Insecta,other,nested design,2,active,15,30,corresponding author(s)
Sitotaw,Sitotaw,Sitotaw et al. 2022,Faba bean,Modest (10-40%),0.8,forest (sacred church forests; remnant natural forest),natural forest,low,500,reported,NA,NA,7,5,72,Debresina-01,Insecta,other,nested design,2,active,15,30,corresponding author(s)
Sitotaw,Sitotaw,Sitotaw et al. 2022,Faba bean,Modest (10-40%),0.8,forest (sacred church forests; remnant natural forest),natural forest,low,1000,reported,NA,NA,6,5,72,Debresina-01,Insecta,other,nested design,2,active,15,30,corresponding author(s)
Sitotaw,Sitotaw,Sitotaw et al. 2022,Faba bean,Modest (10-40%),0.8,forest (sacred church forests; remnant natural forest),natural forest,low,1500,reported,NA,NA,5,4,72,Debresina-01,Insecta,other,nested design,2,active,15,30,corresponding author(s)
Sitotaw,Sitotaw,Sitotaw et al. 2022,Faba bean,Modest (10-40%),0.8,forest (sacred church forests; remnant natural forest),natural forest,low,200,reported,NA,NA,7,6,72,Silassie-03,Insecta,other,nested design,2,active,15,30,corresponding author(s)
Sitotaw,Sitotaw,Sitotaw et al. 2022,Faba bean,Modest (10-40%),0.8,forest (sacred church forests; remnant natural forest),natural forest,low,500,reported,NA,NA,7,6,72,Silassie-03,Insecta,other,nested design,2,active,15,30,corresponding author(s)
Sitotaw,Sitotaw,Sitotaw et al. 2022,Faba bean,Modest (10-40%),0.8,forest (sacred church forests; remnant natural forest),natural forest,low,1000,reported,NA,NA,7,6,72,Silassie-03,Insecta,other,nested design,2,active,15,30,corresponding author(s)
Sitotaw,Sitotaw,Sitotaw et al. 2022,Faba bean,Modest (10-40%),1.2,forest (sacred church forests; remnant natural forest),natural forest,low,200,reported,NA,NA,7,6,72,TaraGedam-11,Insecta,other,nested design,2,active,15,30,corresponding author(s)
Sitotaw,Sitotaw,Sitotaw et al. 2022,Faba bean,Modest (10-40%),1.2,forest (sacred church forests; remnant natural forest),natural forest,low,500,reported,NA,NA,7,6,72,TaraGedam-11,Insecta,other,nested design,2,active,15,30,corresponding author(s)
Sitotaw,Sitotaw,Sitotaw et al. 2022,Faba bean,Modest (10-40%),1.2,forest (sacred church forests; remnant natural forest),natural forest,low,1000,reported,NA,NA,7,6,72,TaraGedam-11,Insecta,other,nested design,2,active,15,30,corresponding author(s)
Sitotaw,Sitotaw,Sitotaw et al. 2022,Faba bean,Modest (10-40%),1.2,forest (sacred church forests; remnant natural forest),natural forest,low,1500,reported,NA,NA,6,5,72,TaraGedam-11,Insecta,other,nested design,2,active,15,30,corresponding author(s)
Sitotaw,Sitotaw,Sitotaw et al. 2022,Faba bean,Modest (10-40%),0.9,forest (sacred church forests; remnant natural forest),natural forest,low,200,reported,NA,NA,6,5,72,TaraGedam-12,Insecta,other,nested design,2,active,15,30,corresponding author(s)
Sitotaw,Sitotaw,Sitotaw et al. 2022,Faba bean,Modest (10-40%),0.9,forest (sacred church forests; remnant natural forest),natural forest,low,500,reported,NA,NA,6,5,72,TaraGedam-12,Insecta,other,nested design,2,active,15,30,corresponding author(s)
Sitotaw,Sitotaw,Sitotaw et al. 2022,Faba bean,Modest (10-40%),0.9,forest (sacred church forests; remnant natural forest),natural forest,low,1000,reported,NA,NA,5,4,72,TaraGedam-12,Insecta,other,nested design,2,active,15,30,corresponding author(s)
Sitotaw,Sitotaw,Sitotaw et al. 2022,Faba bean,Modest (10-40%),0.9,forest (sacred church forests; remnant natural forest),natural forest,low,1500,reported,NA,NA,3,3,72,TaraGedam-12,Insecta,other,nested design,2,active,15,30,corresponding author(s)
Sitotaw,Sitotaw,Sitotaw et al. 2022,Faba bean,Modest (10-40%),1.2,forest (sacred church forests; remnant natural forest),natural forest,low,200,reported,NA,NA,6,5,72,TaraKmihret-13,Insecta,other,nested design,2,active,15,30,corresponding author(s)
Sitotaw,Sitotaw,Sitotaw et al. 2022,Faba bean,Modest (10-40%),1.2,forest (sacred church forests; remnant natural forest),natural forest,low,500,reported,NA,NA,6,5,72,TaraKmihret-13,Insecta,other,nested design,2,active,15,30,corresponding author(s)
Sitotaw,Sitotaw,Sitotaw et al. 2022,Faba bean,Modest (10-40%),1.2,forest (sacred church forests; remnant natural forest),natural forest,low,1000,reported,NA,NA,6,5,72,TaraKmihret-13,Insecta,other,nested design,2,active,15,30,corresponding author(s)
Sitotaw,Sitotaw,Sitotaw et al. 2022,Faba bean,Modest (10-40%),1.2,forest (sacred church forests; remnant natural forest),natural forest,low,1500,reported,NA,NA,5,4,72,TaraKmihret-13,Insecta,other,nested design,2,active,15,30,corresponding author(s)
Sitotaw,Sitotaw,Sitotaw et al. 2022,Field pea,Little (0-10%),1,forest (sacred church forests; remnant natural forest),natural forest,low,200,reported,NA,NA,7,6,72,Iyesus-02,Insecta,other,nested design,2,active,15,30,corresponding author(s)
Sitotaw,Sitotaw,Sitotaw et al. 2022,Field pea,Little (0-10%),1,forest (sacred church forests; remnant natural forest),natural forest,low,500,reported,NA,NA,7,6,72,Iyesus-02,Insecta,other,nested design,2,active,15,30,corresponding author(s)
Sitotaw,Sitotaw,Sitotaw et al. 2022,Field pea,Little (0-10%),1,forest (sacred church forests; remnant natural forest),natural forest,low,1000,reported,NA,NA,7,6,72,Iyesus-02,Insecta,other,nested design,2,active,15,30,corresponding author(s)
Sitotaw,Sitotaw,Sitotaw et al. 2022,Field pea,Little (0-10%),0.8,forest (sacred church forests; remnant natural forest),natural forest,low,200,reported,NA,NA,5,5,72,Zahara-14,Insecta,other,nested design,2,active,15,30,corresponding author(s)
Sitotaw,Sitotaw,Sitotaw et al. 2022,Field pea,Little (0-10%),0.8,forest (sacred church forests; remnant natural forest),natural forest,low,500,reported,NA,NA,5,4,72,Zahara-14,Insecta,other,nested design,2,active,15,30,corresponding author(s)
Sitotaw,Sitotaw,Sitotaw et al. 2022,Field pea,Little (0-10%),0.8,forest (sacred church forests; remnant natural forest),natural forest,low,1000,reported,NA,NA,5,4,72,Zahara-14,Insecta,other,nested design,2,active,15,30,corresponding author(s)
Sitotaw,Sitotaw,Sitotaw et al. 2022,Field pea,Little (0-10%),0.8,forest (sacred church forests; remnant natural forest),natural forest,low,1500,reported,NA,NA,4,3,72,Zahara-14,Insecta,other,nested design,2,active,15,30,corresponding author(s)
Sitotaw,Sitotaw,Sitotaw et al. 2022,Mango,Great (40-90%),0.5,forest (sacred church forests; remnant natural forest),natural forest,low,200,reported,NA,NA,7,6,72,Kota-04,Insecta,other,nested design,2,active,15,30,corresponding author(s)
Sitotaw,Sitotaw,Sitotaw et al. 2022,Mango,Great (40-90%),0.5,forest (sacred church forests; remnant natural forest),natural forest,low,500,reported,NA,NA,7,6,72,Kota-04,Insecta,other,nested design,2,active,15,30,corresponding author(s)
Sitotaw,Sitotaw,Sitotaw et al. 2022,Mango,Great (40-90%),0.5,forest (sacred church forests; remnant natural forest),natural forest,low,1000,reported,NA,NA,7,6,72,Kota-04,Insecta,other,nested design,2,active,15,30,corresponding author(s)
Sitotaw,Sitotaw,Sitotaw et al. 2022,Mango,Great (40-90%),0.5,forest (sacred church forests; remnant natural forest),natural forest,low,1500,reported,NA,NA,6,5,72,Kota-04,Insecta,other,nested design,2,active,15,30,corresponding author(s)
Sitotaw,Sitotaw,Sitotaw et al. 2022,Mango,Great (40-90%),0.5,forest (sacred church forests; remnant natural forest),natural forest,low,200,reported,NA,NA,8,7,72,Jega-05,Insecta,other,nested design,2,active,15,30,corresponding author(s)
Sitotaw,Sitotaw,Sitotaw et al. 2022,Mango,Great (40-90%),0.5,forest (sacred church forests; remnant natural forest),natural forest,low,500,reported,NA,NA,7,6,72,Jega-05,Insecta,other,nested design,2,active,15,30,corresponding author(s)
Sitotaw,Sitotaw,Sitotaw et al. 2022,Mango,Great (40-90%),0.5,forest (sacred church forests; remnant natural forest),natural forest,low,1000,reported,NA,NA,7,6,72,Jega-05,Insecta,other,nested design,2,active,15,30,corresponding author(s)
Sitotaw,Sitotaw,Sitotaw et al. 2022,Mango,Great (40-90%),0.5,forest (sacred church forests; remnant natural forest),natural forest,low,200,reported,NA,NA,8,5,72,Weba-07,Insecta,other,nested design,2,active,15,30,corresponding author(s)
Sitotaw,Sitotaw,Sitotaw et al. 2022,Mango,Great (40-90%),0.5,forest (sacred church forests; remnant natural forest),natural forest,low,500,reported,NA,NA,8,7,72,Weba-07,Insecta,other,nested design,2,active,15,30,corresponding author(s)
Sitotaw,Sitotaw,Sitotaw et al. 2022,Mango,Great (40-90%),0.5,forest (sacred church forests; remnant natural forest),natural forest,low,1000,reported,NA,NA,6,5,72,Weba-07,Insecta,other,nested design,2,active,15,30,corresponding author(s)
Sitotaw,Sitotaw,Sitotaw et al. 2022,Mango,Great (40-90%),0.5,forest (sacred church forests; remnant natural forest),natural forest,low,1500,reported,NA,NA,5,5,72,Weba-07,Insecta,other,nested design,2,active,15,30,corresponding author(s)
Sitotaw,Sitotaw,Sitotaw et al. 2022,Mango,Great (40-90%),0.7,forest (sacred church forests; remnant natural forest),natural forest,low,200,reported,NA,NA,7,6,72,Weba-08,Insecta,other,nested design,2,active,15,30,corresponding author(s)
Sitotaw,Sitotaw,Sitotaw et al. 2022,Mango,Great (40-90%),0.7,forest (sacred church forests; remnant natural forest),natural forest,low,500,reported,NA,NA,8,7,72,Weba-08,Insecta,other,nested design,2,active,15,30,corresponding author(s)
Sitotaw,Sitotaw,Sitotaw et al. 2022,Mango,Great (40-90%),0.7,forest (sacred church forests; remnant natural forest),natural forest,low,1000,reported,NA,NA,5,4,72,Weba-08,Insecta,other,nested design,2,active,15,30,corresponding author(s)
Sitotaw,Sitotaw,Sitotaw et al. 2022,Mango,Great (40-90%),0.7,forest (sacred church forests; remnant natural forest),natural forest,low,1500,reported,NA,NA,5,4,72,Weba-08,Insecta,other,nested design,2,active,15,30,corresponding author(s)
Sitotaw,Sitotaw,Sitotaw et al. 2022,Mango,Great (40-90%),0.5,forest (sacred church forests; remnant natural forest),natural forest,low,200,reported,NA,NA,7,6,72,Arsema-09,Insecta,other,nested design,2,active,15,30,corresponding author(s)
Sitotaw,Sitotaw,Sitotaw et al. 2022,Mango,Great (40-90%),0.5,forest (sacred church forests; remnant natural forest),natural forest,low,500,reported,NA,NA,7,6,72,Arsema-09,Insecta,other,nested design,2,active,15,30,corresponding author(s)
Sitotaw,Sitotaw,Sitotaw et al. 2022,Mango,Great (40-90%),0.5,forest (sacred church forests; remnant natural forest),natural forest,low,1000,reported,NA,NA,6,5,72,Arsema-09,Insecta,other,nested design,2,active,15,30,corresponding author(s)
Sitotaw,Sitotaw,Sitotaw et al. 2022,Mango,Great (40-90%),0.8,forest (sacred church forests; remnant natural forest),natural forest,low,200,reported,NA,NA,9,8,72,MedAlem-10,Insecta,other,nested design,2,active,15,30,corresponding author(s)
Sitotaw,Sitotaw,Sitotaw et al. 2022,Mango,Great (40-90%),0.8,forest (sacred church forests; remnant natural forest),natural forest,low,500,reported,NA,NA,7,6,72,MedAlem-10,Insecta,other,nested design,2,active,15,30,corresponding author(s)
Sitotaw,Sitotaw,Sitotaw et al. 2022,Mango,Great (40-90%),0.8,forest (sacred church forests; remnant natural forest),natural forest,low,1000,reported,NA,NA,4,3,72,MedAlem-10,Insecta,other,nested design,2,active,15,30,corresponding author(s)
Sitotaw,Sitotaw,Sitotaw et al. 2022,Mango,Great (40-90%),0.8,forest (sacred church forests; remnant natural forest),natural forest,low,1500,reported,NA,NA,3,2,72,MedAlem-10,Insecta,other,nested design,2,active,15,30,corresponding author(s)
Sitotaw,Sitotaw,Sitotaw et al. 2022,Mango,Great (40-90%),0.5,forest (sacred church forests; remnant natural forest),natural forest,low,200,reported,NA,NA,8,6,72,Zahara-15,Insecta,other,nested design,2,active,15,30,corresponding author(s)
Sitotaw,Sitotaw,Sitotaw et al. 2022,Mango,Great (40-90%),0.5,forest (sacred church forests; remnant natural forest),natural forest,low,500,reported,NA,NA,6,5,72,Zahara-15,Insecta,other,nested design,2,active,15,30,corresponding author(s)
Sitotaw,Sitotaw,Sitotaw et al. 2022,Mango,Great (40-90%),0.5,forest (sacred church forests; remnant natural forest),natural forest,low,1000,reported,NA,NA,6,5,72,Zahara-15,Insecta,other,nested design,2,active,15,30,corresponding author(s)
Sitotaw,Sitotaw,Sitotaw et al. 2022,Mango,Great (40-90%),0.5,forest (sacred church forests; remnant natural forest),natural forest,low,1500,reported,NA,NA,5,4,72,Zahara-15,Insecta,other,nested design,2,active,15,30,corresponding author(s)
Sitotaw,Sitotaw,Sitotaw et al. 2022,Other land cover,NA,0.4,forest (sacred church forests; remnant natural forest),natural forest,low,1500,reported,NA,NA,3,2,72,Iyesus-02,Insecta,other,nested design,2,active,15,30,corresponding author(s)
Sitotaw,Sitotaw,Sitotaw et al. 2022,Other land cover,NA,0.5,forest (sacred church forests; remnant natural forest),natural forest,low,1500,reported,NA,NA,3,2,72,Silassie-03,Insecta,other,nested design,2,active,15,30,corresponding author(s)
Sitotaw,Sitotaw,Sitotaw et al. 2022,Other land cover,NA,1,forest (sacred church forests; remnant natural forest),natural forest,low,1500,reported,NA,NA,3,2,72,Jega-05,Insecta,other,nested design,2,active,15,30,corresponding author(s)
Sitotaw,Sitotaw,Sitotaw et al. 2022,Other land cover,NA,1,forest (sacred church forests; remnant natural forest),natural forest,low,1500,reported,NA,NA,3,2,72,Arsema-09,Insecta,other,nested design,2,active,15,30,corresponding author(s)
Sitotaw,Sitotaw,Sitotaw et al. 2022,Other land cover,NA,0.8,forest (sacred church forests; remnant natural forest),natural forest,low,1500,reported,NA,NA,3,2,72,ZegeUra-17,Insecta,other,nested design,2,active,15,30,corresponding author(s)
Sitotaw,Sitotaw,Sitotaw et al. 2022,Other land cover,NA,1.2,forest (sacred church forests; remnant natural forest),natural forest,low,1500,reported,NA,NA,2,1,72,ZegeMedh-18,Insecta,other,nested design,2,active,15,30,corresponding author(s)
Sritongchuay,Sritongchuay,Sritongchuay et al. 2019,NA,NA,Medium (2-15 ha),"forest (tropical rainforests ranging in area from 360 - 65,000 ha)",natural forest,low,6590,estimated,20.68711271,4000,131,NA,20,KBT,Insecta,morphospecies,paired sites,12,active,15,300,corresponding author(s)
Sritongchuay,Sritongchuay,Sritongchuay et al. 2019,NA,NA,Medium (2-15 ha),"forest (tropical rainforests ranging in area from 360 - 65,000 ha)",natural forest,low,948,estimated,70.11662246,4000,85,NA,20,KBT,Insecta,morphospecies,paired sites,12,active,15,300,corresponding author(s)
Sritongchuay,Sritongchuay,Sritongchuay et al. 2019,NA,NA,Medium (2-15 ha),"forest (tropical rainforests ranging in area from 360 - 65,000 ha)",natural forest,low,3620,estimated,59.53807757,4000,93,NA,20,KH,Insecta,morphospecies,paired sites,12,active,15,300,corresponding author(s)
Sritongchuay,Sritongchuay,Sritongchuay et al. 2019,NA,NA,Medium (2-15 ha),"forest (tropical rainforests ranging in area from 360 - 65,000 ha)",natural forest,low,1217,estimated,39.75441866,4000,54,NA,20,KH,Insecta,morphospecies,paired sites,12,active,15,300,corresponding author(s)
Sritongchuay,Sritongchuay,Sritongchuay et al. 2019,NA,NA,Medium (2-15 ha),"forest (tropical rainforests ranging in area from 360 - 65,000 ha)",natural forest,low,7436,estimated,5.532802309,4000,164,NA,20,KKW,Insecta,morphospecies,paired sites,12,active,15,300,corresponding author(s)
Sritongchuay,Sritongchuay,Sritongchuay et al. 2019,NA,NA,Medium (2-15 ha),"forest (tropical rainforests ranging in area from 360 - 65,000 ha)",natural forest,low,743,estimated,85.2232743,4000,54,NA,20,KKW,Insecta,morphospecies,paired sites,12,active,15,300,corresponding author(s)
Sritongchuay,Sritongchuay,Sritongchuay et al. 2019,NA,NA,Medium (2-15 ha),"forest (tropical rainforests ranging in area from 360 - 65,000 ha)",natural forest,low,5717,estimated,15.71687078,4000,102,NA,20,KL ,Insecta,morphospecies,paired sites,12,active,15,300,corresponding author(s)
Sritongchuay,Sritongchuay,Sritongchuay et al. 2019,NA,NA,Medium (2-15 ha),"forest (tropical rainforests ranging in area from 360 - 65,000 ha)",natural forest,low,1563,estimated,77.79309073,4000,78,NA,20,KL ,Insecta,morphospecies,paired sites,12,active,15,300,corresponding author(s)
Sritongchuay,Sritongchuay,Sritongchuay et al. 2019,NA,NA,Medium (2-15 ha),"forest (tropical rainforests ranging in area from 360 - 65,000 ha)",natural forest,low,7351,estimated,38.83114438,4000,104,NA,20,KNH,Insecta,morphospecies,paired sites,12,active,15,300,corresponding author(s)
Sritongchuay,Sritongchuay,Sritongchuay et al. 2019,NA,NA,Medium (2-15 ha),"forest (tropical rainforests ranging in area from 360 - 65,000 ha)",natural forest,low,684,estimated,84.28326517,4000,61,NA,20,KNH,Insecta,morphospecies,paired sites,12,active,15,300,corresponding author(s)
Sritongchuay,Sritongchuay,Sritongchuay et al. 2019,NA,NA,Medium (2-15 ha),"forest (tropical rainforests ranging in area from 360 - 65,000 ha)",natural forest,low,7384,estimated,8.581366226,4000,123,NA,20,KNK,Insecta,morphospecies,paired sites,12,active,15,300,corresponding author(s)
Sritongchuay,Sritongchuay,Sritongchuay et al. 2019,NA,NA,Medium (2-15 ha),"forest (tropical rainforests ranging in area from 360 - 65,000 ha)",natural forest,low,755,estimated,0,4000,39,NA,20,KNK,Insecta,morphospecies,paired sites,12,active,15,300,corresponding author(s)
Sritongchuay,Sritongchuay,Sritongchuay et al. 2019,NA,NA,Medium (2-15 ha),"forest (tropical rainforests ranging in area from 360 - 65,000 ha)",natural forest,low,7732,estimated,6.509356506,4000,111,NA,20,KP,Insecta,morphospecies,paired sites,12,active,15,300,corresponding author(s)
Sritongchuay,Sritongchuay,Sritongchuay et al. 2019,NA,NA,Medium (2-15 ha),"forest (tropical rainforests ranging in area from 360 - 65,000 ha)",natural forest,low,1022,estimated,55.25084826,4000,68,NA,20,KP,Insecta,morphospecies,paired sites,12,active,15,300,corresponding author(s)
Sritongchuay,Sritongchuay,Sritongchuay et al. 2019,NA,NA,Medium (2-15 ha),"forest (tropical rainforests ranging in area from 360 - 65,000 ha)",natural forest,low,7923,estimated,53.79793598,4000,97,NA,20,LK,Insecta,morphospecies,paired sites,12,active,15,300,corresponding author(s)
Sritongchuay,Sritongchuay,Sritongchuay et al. 2019,NA,NA,Medium (2-15 ha),"forest (tropical rainforests ranging in area from 360 - 65,000 ha)",natural forest,low,935,estimated,55.53403088,4000,93,NA,20,LK,Insecta,morphospecies,paired sites,12,active,15,300,corresponding author(s)
Sritongchuay,Sritongchuay,Sritongchuay et al. 2019,NA,NA,Medium (2-15 ha),"forest (tropical rainforests ranging in area from 360 - 65,000 ha)",natural forest,low,7182,estimated,22.66480012,4000,99,NA,20,TB,Insecta,morphospecies,paired sites,12,active,15,300,corresponding author(s)
Sritongchuay,Sritongchuay,Sritongchuay et al. 2019,NA,NA,Medium (2-15 ha),"forest (tropical rainforests ranging in area from 360 - 65,000 ha)",natural forest,low,690,estimated,58.70879393,4000,72,NA,20,TB,Insecta,morphospecies,paired sites,12,active,15,300,corresponding author(s)
Sritongchuay,Sritongchuay,Sritongchuay et al. 2019,NA,NA,Medium (2-15 ha),"forest (tropical rainforests ranging in area from 360 - 65,000 ha)",natural forest,low,9160,estimated,31.87117557,4000,120,NA,20,TNC,Insecta,morphospecies,paired sites,12,active,15,300,corresponding author(s)
Sritongchuay,Sritongchuay,Sritongchuay et al. 2019,NA,NA,Medium (2-15 ha),"forest (tropical rainforests ranging in area from 360 - 65,000 ha)",natural forest,low,595,estimated,65.80682036,4000,64,NA,20,TNC,Insecta,morphospecies,paired sites,12,active,15,300,corresponding author(s)
Tangtorwongsakul,Tangtorwongsakul,Tangtorwongsakul et al. 2017,mango,Great (40-90%),4.731,"other (semi-natural habitats, mangrove forests, wetlands)",other,high,106,estimated,0.334352701,1000,11,11,24,Site17,Insecta,morphospecies,single distance per site,2,mixed,120 (visual counts) + 480 (pan traps),600,corresponding author(s)
Tangtorwongsakul,Tangtorwongsakul,Tangtorwongsakul et al. 2017,mango,Great (40-90%),1.451,"other (semi-natural habitats, mangrove forests, wetlands)",other,high,290,estimated,0.207220125,1000,3,3,24,Site06,Insecta,morphospecies,single distance per site,2,mixed,120 (visual counts) + 480 (pan traps),600,corresponding author(s)
Tangtorwongsakul,Tangtorwongsakul,Tangtorwongsakul et al. 2017,mango,Great (40-90%),1.0914,"other (semi-natural habitats, mangrove forests, wetlands)",other,high,390,estimated,0.014851485,1000,8,8,24,Site02,Insecta,morphospecies,single distance per site,2,mixed,120 (visual counts) + 480 (pan traps),600,corresponding author(s)
Tangtorwongsakul,Tangtorwongsakul,Tangtorwongsakul et al. 2017,mango,Great (40-90%),1.0095,"other (semi-natural habitats, mangrove forests, wetlands)",other,high,400,estimated,0.162371133,1000,8,8,24,Site01,Insecta,morphospecies,single distance per site,2,mixed,120 (visual counts) + 480 (pan traps),600,corresponding author(s)
Tangtorwongsakul,Tangtorwongsakul,Tangtorwongsakul et al. 2017,mango,Great (40-90%),2.0519,"other (semi-natural habitats, mangrove forests, wetlands)",other,high,780,estimated,0.169890664,1000,6,6,24,Site16,Insecta,morphospecies,single distance per site,2,mixed,120 (visual counts) + 480 (pan traps),600,corresponding author(s)
Tangtorwongsakul,Tangtorwongsakul,Tangtorwongsakul et al. 2017,mango,Great (40-90%),1.135,"other (semi-natural habitats, mangrove forests, wetlands)",other,high,1150,estimated,0.032669674,1000,5,5,24,Site12,Insecta,morphospecies,single distance per site,2,mixed,120 (visual counts) + 480 (pan traps),600,corresponding author(s)
Tangtorwongsakul,Tangtorwongsakul,Tangtorwongsakul et al. 2017,mango,Great (40-90%),1.686,"other (semi-natural habitats, mangrove forests, wetlands)",other,high,1200,estimated,0.149999999,1000,4,4,24,Site14,Insecta,morphospecies,single distance per site,2,mixed,120 (visual counts) + 480 (pan traps),600,corresponding author(s)
Tangtorwongsakul,Tangtorwongsakul,Tangtorwongsakul et al. 2017,mango,Great (40-90%),4.982,"other (semi-natural habitats, mangrove forests, wetlands)",other,high,1520,estimated,0.043551772,1000,5,5,24,Site13,Insecta,morphospecies,single distance per site,2,mixed,120 (visual counts) + 480 (pan traps),600,corresponding author(s)
Tangtorwongsakul,Tangtorwongsakul,Tangtorwongsakul et al. 2017,mango,Great (40-90%),2.131,"other (semi-natural habitats, mangrove forests, wetlands)",other,high,1560,estimated,0.135186596,1000,6,6,24,Site18,Insecta,morphospecies,single distance per site,2,mixed,120 (visual counts) + 480 (pan traps),600,corresponding author(s)
Tangtorwongsakul,Tangtorwongsakul,Tangtorwongsakul et al. 2017,mango,Great (40-90%),10.023,"other (semi-natural habitats, mangrove forests, wetlands)",other,high,1800,estimated,0.01754386,1000,3,3,24,Site04,Insecta,morphospecies,single distance per site,2,mixed,120 (visual counts) + 480 (pan traps),600,corresponding author(s)
Tangtorwongsakul,Tangtorwongsakul,Tangtorwongsakul et al. 2017,mango,Great (40-90%),3.546,"other (semi-natural habitats, mangrove forests, wetlands)",other,high,1900,estimated,0.09825998,1000,14,14,24,Site10,Insecta,morphospecies,single distance per site,2,mixed,120 (visual counts) + 480 (pan traps),600,corresponding author(s)
Tangtorwongsakul,Tangtorwongsakul,Tangtorwongsakul et al. 2017,mango,Great (40-90%),2.7488,"other (semi-natural habitats, mangrove forests, wetlands)",other,high,1990,estimated,0.045000001,1000,5,5,24,Site19,Insecta,morphospecies,single distance per site,2,mixed,120 (visual counts) + 480 (pan traps),600,corresponding author(s)
Tangtorwongsakul,Tangtorwongsakul,Tangtorwongsakul et al. 2017,mango,Great (40-90%),4.264,"other (semi-natural habitats, mangrove forests, wetlands)",other,high,2280,estimated,0.059786748,1000,5,5,24,Site15,Insecta,morphospecies,single distance per site,2,mixed,120 (visual counts) + 480 (pan traps),600,corresponding author(s)
Tangtorwongsakul,Tangtorwongsakul,Tangtorwongsakul et al. 2017,mango,Great (40-90%),1.161,"other (semi-natural habitats, mangrove forests, wetlands)",other,high,2295,estimated,0.190784463,1000,14,14,24,Site07,Insecta,morphospecies,single distance per site,2,mixed,120 (visual counts) + 480 (pan traps),600,corresponding author(s)
Tangtorwongsakul,Tangtorwongsakul,Tangtorwongsakul et al. 2017,mango,Great (40-90%),2.321,"other (semi-natural habitats, mangrove forests, wetlands)",other,high,2400,estimated,0.058663936,1000,11,11,24,Site03,Insecta,morphospecies,single distance per site,2,mixed,120 (visual counts) + 480 (pan traps),600,corresponding author(s)
Tangtorwongsakul,Tangtorwongsakul,Tangtorwongsakul et al. 2017,mango,Great (40-90%),1.143,"other (semi-natural habitats, mangrove forests, wetlands)",other,high,2400,estimated,0.026118236,1000,8,8,24,Site05,Insecta,morphospecies,single distance per site,2,mixed,120 (visual counts) + 480 (pan traps),600,corresponding author(s)
Tangtorwongsakul,Tangtorwongsakul,Tangtorwongsakul et al. 2017,mango,Great (40-90%),15.74,"other (semi-natural habitats, mangrove forests, wetlands)",other,high,2595,estimated,0.115306122,1000,3,3,24,Site21,Insecta,morphospecies,single distance per site,2,mixed,120 (visual counts) + 480 (pan traps),600,corresponding author(s)
Tangtorwongsakul,Tangtorwongsakul,Tangtorwongsakul et al. 2017,mango,Great (40-90%),4.7925,"other (semi-natural habitats, mangrove forests, wetlands)",other,high,2930,estimated,0.010112543,1000,5,5,24,Site22,Insecta,morphospecies,single distance per site,2,mixed,120 (visual counts) + 480 (pan traps),600,corresponding author(s)
Tangtorwongsakul,Tangtorwongsakul,Tangtorwongsakul et al. 2017,mango,Great (40-90%),10.706,"other (semi-natural habitats, mangrove forests, wetlands)",other,high,3410,estimated,0.153084539,1000,2,2,24,Site23,Insecta,morphospecies,single distance per site,2,mixed,120 (visual counts) + 480 (pan traps),600,corresponding author(s)
Tangtorwongsakul,Tangtorwongsakul,Tangtorwongsakul et al. 2017,mango,Great (40-90%),2.494,"other (semi-natural habitats, mangrove forests, wetlands)",other,high,3900,estimated,0.160732452,1000,20,20,24,Site09,Insecta,morphospecies,single distance per site,2,mixed,120 (visual counts) + 480 (pan traps),600,corresponding author(s)
Tangtorwongsakul,Tangtorwongsakul,Tangtorwongsakul et al. 2017,mango,Great (40-90%),1.065,"other (semi-natural habitats, mangrove forests, wetlands)",other,high,4175,estimated,0.015090173,1000,12,12,24,Site11,Insecta,morphospecies,single distance per site,2,mixed,120 (visual counts) + 480 (pan traps),600,corresponding author(s)
Tangtorwongsakul,Tangtorwongsakul,Tangtorwongsakul et al. 2017,mango,Great (40-90%),2.018,"other (semi-natural habitats, mangrove forests, wetlands)",other,high,4640,estimated,0.346153846,1000,15,15,24,Site08,Insecta,morphospecies,single distance per site,2,mixed,120 (visual counts) + 480 (pan traps),600,corresponding author(s)
Tangtorwongsakul,Tangtorwongsakul,Tangtorwongsakul et al. 2017,mango,Great (40-90%),4.3303,"other (semi-natural habitats, mangrove forests, wetlands)",other,high,4680,estimated,0.028560548,1000,9,9,24,Site20,Insecta,morphospecies,single distance per site,2,mixed,120 (visual counts) + 480 (pan traps),600,corresponding author(s)
Tangtorwongsakul,Tangtorwongsakul,Tangtorwongsakul et al. 2017,mango,Great (40-90%),7.7304,"other (semi-natural habitats, mangrove forests, wetlands)",other,high,5420,estimated,0.150818246,1000,3,3,24,Site24,Insecta,morphospecies,single distance per site,2,mixed,120 (visual counts) + 480 (pan traps),600,corresponding author(s)
Toledo,Toledo,Toledo-Hernandez et al. 2021,cocoa,Essential (90-100%),Small (<2ha),other (secondary forest patches and cocoa agroforests),other,low,108,reported,0.36,100,0,0,18,Plot N. 1,Diptera,other,single distance per site,3,passive,1440,4320,corresponding author(s)
Toledo,Toledo,Toledo-Hernandez et al. 2021,cocoa,Essential (90-100%),Small (<2ha),other (secondary forest patches and cocoa agroforests),other,low,130,reported,0.49,100,3,3,18,Plot N. 2,Diptera,other,single distance per site,3,passive,1440,4320,corresponding author(s)
Toledo,Toledo,Toledo-Hernandez et al. 2021,cocoa,Essential (90-100%),Small (<2ha),other (secondary forest patches and cocoa agroforests),other,low,306,reported,0.71,100,4,4,18,Plot N. 3,Diptera,other,single distance per site,3,passive,1440,4320,corresponding author(s)
Toledo,Toledo,Toledo-Hernandez et al. 2021,cocoa,Essential (90-100%),Small (<2ha),other (secondary forest patches and cocoa agroforests),other,low,426,reported,0.45,100,7,7,18,Plot N. 4,Diptera,other,single distance per site,3,passive,1440,4320,corresponding author(s)
Toledo,Toledo,Toledo-Hernandez et al. 2021,cocoa,Essential (90-100%),Small (<2ha),other (secondary forest patches and cocoa agroforests),other,low,192,reported,0.7,100,4,4,18,Plot N. 5,Diptera,other,single distance per site,3,passive,1440,4320,corresponding author(s)
Toledo,Toledo,Toledo-Hernandez et al. 2021,cocoa,Essential (90-100%),Small (<2ha),other (secondary forest patches and cocoa agroforests),other,low,479,reported,0.79,100,6,6,18,Plot N. 6,Diptera,other,single distance per site,3,passive,1440,4320,corresponding author(s)
Toledo,Toledo,Toledo-Hernandez et al. 2021,cocoa,Essential (90-100%),Small (<2ha),other (secondary forest patches and cocoa agroforests),other,low,387,reported,0.69,100,3,3,18,Plot N. 7,Diptera,other,single distance per site,3,passive,1440,4320,corresponding author(s)
Toledo,Toledo,Toledo-Hernandez et al. 2021,cocoa,Essential (90-100%),Small (<2ha),other (secondary forest patches and cocoa agroforests),other,low,168,reported,0.56,100,2,2,18,Plot N. 8,Diptera,other,single distance per site,3,passive,1440,4320,corresponding author(s)
Toledo,Toledo,Toledo-Hernandez et al. 2021,cocoa,Essential (90-100%),Small (<2ha),other (secondary forest patches and cocoa agroforests),other,low,170,reported,0.85,100,5,5,18,Plot N. 9,Diptera,other,single distance per site,3,passive,1440,4320,corresponding author(s)
Toledo,Toledo,Toledo-Hernandez et al. 2021,cocoa,Essential (90-100%),Small (<2ha),other (secondary forest patches and cocoa agroforests),other,low,2949,reported,0.94,100,8,8,18,Plot N. 10,Diptera,other,single distance per site,3,passive,1440,4320,corresponding author(s)
Toledo,Toledo,Toledo-Hernandez et al. 2021,cocoa,Essential (90-100%),Small (<2ha),other (secondary forest patches and cocoa agroforests),other,low,3094,reported,0.68,100,5,5,18,Plot N. 11,Diptera,other,single distance per site,3,passive,1440,4320,corresponding author(s)
Toledo,Toledo,Toledo-Hernandez et al. 2021,cocoa,Essential (90-100%),Small (<2ha),other (secondary forest patches and cocoa agroforests),other,low,3169,reported,0.82,100,6,6,18,Plot N. 12,Diptera,other,single distance per site,3,passive,1440,4320,corresponding author(s)
Toledo,Toledo,Toledo-Hernandez et al. 2021,cocoa,Essential (90-100%),Small (<2ha),other (secondary forest patches and cocoa agroforests),other,low,1773,reported,0.64,100,3,3,18,Plot N. 13,Diptera,other,single distance per site,3,passive,1440,4320,corresponding author(s)
Toledo,Toledo,Toledo-Hernandez et al. 2021,cocoa,Essential (90-100%),Small (<2ha),other (secondary forest patches and cocoa agroforests),other,low,2140,reported,0.86,100,2,2,18,Plot N. 14,Diptera,other,single distance per site,3,passive,1440,4320,corresponding author(s)
Toledo,Toledo,Toledo-Hernandez et al. 2021,cocoa,Essential (90-100%),Small (<2ha),other (secondary forest patches and cocoa agroforests),other,low,2398,reported,0.55,100,1,1,18,Plot N. 15,Diptera,other,single distance per site,3,passive,1440,4320,corresponding author(s)
Toledo,Toledo,Toledo-Hernandez et al. 2021,cocoa,Essential (90-100%),Small (<2ha),other (secondary forest patches and cocoa agroforests),other,low,2842,reported,0.77,100,5,5,18,Plot N. 16,Diptera,other,single distance per site,3,passive,1440,4320,corresponding author(s)
Toledo,Toledo,Toledo-Hernandez et al. 2021,cocoa,Essential (90-100%),Small (<2ha),other (secondary forest patches and cocoa agroforests),other,low,2216,reported,0.62,100,6,6,18,Plot N. 17,Diptera,other,single distance per site,3,passive,1440,4320,corresponding author(s)
Toledo,Toledo,Toledo-Hernandez et al. 2021,cocoa,Essential (90-100%),Small (<2ha),other (secondary forest patches and cocoa agroforests),other,low,2396,reported,0.57,100,8,8,18,Plot N. 18,Diptera,other,single distance per site,3,passive,1440,4320,corresponding author(s)
Viswanathan,Viswanathan,Viswanathan et al. 2020,NA,NA,Small (<2ha),forest (Nilgiri Biosphere Reserve),natural forest,both,270,reported,NA,NA,8,8,7,Bhavani Sagar,Insecta,morphospecies,single distance per site,3,active,NA,NA,corresponding author(s)
Viswanathan,Viswanathan,Viswanathan et al. 2020,NA,NA,Small (<2ha),forest (Nilgiri Biosphere Reserve),natural forest,both,2200,reported,NA,NA,3,3,7,Iduhatty,Insecta,morphospecies,single distance per site,3,active,NA,NA,corresponding author(s)
Viswanathan,Viswanathan,Viswanathan et al. 2020,NA,NA,Small (<2ha),forest (Nilgiri Biosphere Reserve),natural forest,both,510,reported,NA,NA,9,9,7,Punanjanur - Kolipalya,Insecta,morphospecies,single distance per site,3,active,NA,NA,corresponding author(s)
Viswanathan,Viswanathan,Viswanathan et al. 2020,NA,NA,Small (<2ha),forest (Nilgiri Biosphere Reserve),natural forest,both,1390,reported,NA,NA,5.3,5.3,7,Punanjanur - Ramapura,Insecta,morphospecies,single distance per site,3,active,NA,NA,corresponding author(s)
Viswanathan,Viswanathan,Viswanathan et al. 2020,NA,NA,Small (<2ha),forest (Nilgiri Biosphere Reserve),natural forest,both,950,reported,NA,NA,7,7,7,Sirumugai,Insecta,morphospecies,single distance per site,3,active,NA,NA,corresponding author(s)
Viswanathan,Viswanathan,Viswanathan et al. 2020,NA,NA,Small (<2ha),forest (Nilgiri Biosphere Reserve),natural forest,both,100,reported,NA,NA,11,11,7,Tadisallatty,Insecta,morphospecies,single distance per site,3,active,NA,NA,corresponding author(s)
Viswanathan,Viswanathan,Viswanathan et al. 2020,NA,NA,Small (<2ha),forest (Nilgiri Biosphere Reserve),natural forest,both,500,reported,NA,NA,5,5,7,Thekkampatti,Insecta,morphospecies,single distance per site,3,active,NA,NA,corresponding author(s)
Vogel(a),Vogel(a),Vogel et al. 2021,pigeonpea,Modest (10-40%),Small (<2ha),other (shrubland and forest),other,low,10,estimated,0.265491232,1000,1,0,9,V2,Bees,morphospecies,single distance per site,3,active,10,30,corresponding author(s)
Vogel(a),Vogel(a),Vogel et al. 2021,pigeonpea,Modest (10-40%),Small (<2ha),other (shrubland and forest),other,low,250,estimated,0.019010923,1000,6,5,9,V25,Bees,morphospecies,single distance per site,3,active,10,30,corresponding author(s)
Vogel(a),Vogel(a),Vogel et al. 2021,pigeonpea,Modest (10-40%),Small (<2ha),other (shrubland and forest),other,low,20,estimated,0.15496052,1000,2,1,9,V26,Bees,morphospecies,single distance per site,3,active,10,30,corresponding author(s)
Vogel(a),Vogel(a),Vogel et al. 2021,pigeonpea,Modest (10-40%),Small (<2ha),other (shrubland and forest),other,low,40,estimated,0.125692455,1000,2,2,9,V27,Bees,morphospecies,single distance per site,3,active,10,30,corresponding author(s)
Vogel(a),Vogel(a),Vogel et al. 2021,pigeonpea,Modest (10-40%),Small (<2ha),other (shrubland and forest),other,low,25,estimated,0.064414443,1000,9,8,9,V28,Bees,morphospecies,single distance per site,3,active,10,30,corresponding author(s)
Vogel(a),Vogel(a),Vogel et al. 2021,pigeonpea,Modest (10-40%),Small (<2ha),other (shrubland and forest),other,low,20,estimated,0.065501766,1000,2,1,9,V30,Bees,morphospecies,single distance per site,3,active,10,30,corresponding author(s)
Vogel(a),Vogel(a),Vogel et al. 2021,pigeonpea,Modest (10-40%),Small (<2ha),other (shrubland and forest),other,low,20,estimated,0.322547771,1000,1,0,9,V31,Bees,morphospecies,single distance per site,3,active,10,30,corresponding author(s)
Vogel(a),Vogel(a),Vogel et al. 2021,pigeonpea,Modest (10-40%),Small (<2ha),other (shrubland and forest),other,low,25,estimated,0.305963259,1000,4,3,9,V32,Bees,morphospecies,single distance per site,3,active,10,30,corresponding author(s)
Vogel(a),Vogel(a),Vogel et al. 2021,pigeonpea,Modest (10-40%),Small (<2ha),other (shrubland and forest),other,low,140,estimated,0.282625999,1000,0,0,9,V4,Bees,morphospecies,single distance per site,3,active,10,30,corresponding author(s)
Vogel(b),Vogel(b),Vogel et al. 2023,pumpkin,Essential (90-100%),0.5-1.4,other (shrubland),other,low,170,estimated,48.22562367,1000,2,1,24,V1,Insecta,morphospecies,single distance per site,3,active,15,45,open access data
Vogel(b),Vogel(b),Vogel et al. 2023,pumpkin,Essential (90-100%),0.5-1.4,other (shrubland),other,low,25,estimated,26.24665666,1000,2,1,24,V10,Insecta,morphospecies,single distance per site,3,active,15,45,open access data
Vogel(b),Vogel(b),Vogel et al. 2023,pumpkin,Essential (90-100%),0.5-1.4,other (shrubland),other,low,70,estimated,33.84499036,1000,2,1,24,V11,Insecta,morphospecies,single distance per site,3,active,15,45,open access data
Vogel(b),Vogel(b),Vogel et al. 2023,pumpkin,Essential (90-100%),0.5-1.4,other (shrubland),other,low,80,estimated,23.41244875,1000,4,3,24,V12,Insecta,morphospecies,single distance per site,3,active,15,45,open access data
Vogel(b),Vogel(b),Vogel et al. 2023,pumpkin,Essential (90-100%),0.5-1.4,other (shrubland),other,low,55,estimated,23.38843977,1000,2,1,24,V13,Insecta,morphospecies,single distance per site,3,active,15,45,open access data
Vogel(b),Vogel(b),Vogel et al. 2023,pumpkin,Essential (90-100%),0.5-1.4,other (shrubland),other,low,12,estimated,65.44076643,1000,4,3,24,V14,Insecta,morphospecies,single distance per site,3,active,15,45,open access data
Vogel(b),Vogel(b),Vogel et al. 2023,pumpkin,Essential (90-100%),0.5-1.4,other (shrubland),other,low,15,estimated,22.83873584,1000,1,0,24,V15,Insecta,morphospecies,single distance per site,3,active,15,45,open access data
Vogel(b),Vogel(b),Vogel et al. 2023,pumpkin,Essential (90-100%),0.5-1.4,other (shrubland),other,low,NA,estimated,42.30514738,1000,4,3,24,V16,Insecta,morphospecies,single distance per site,3,active,15,45,open access data
Vogel(b),Vogel(b),Vogel et al. 2023,pumpkin,Essential (90-100%),0.5-1.4,other (shrubland),other,low,30,estimated,24.61051959,1000,2,1,24,V17,Insecta,morphospecies,single distance per site,3,active,15,45,open access data
Vogel(b),Vogel(b),Vogel et al. 2023,pumpkin,Essential (90-100%),0.5-1.4,other (shrubland),other,low,50,estimated,73.89973388,1000,3,2,24,V18,Insecta,morphospecies,single distance per site,3,active,15,45,open access data
Vogel(b),Vogel(b),Vogel et al. 2023,pumpkin,Essential (90-100%),0.5-1.4,other (shrubland),other,low,5,estimated,33.52842872,1000,3,3,24,V19,Insecta,morphospecies,single distance per site,3,active,15,45,open access data
Vogel(b),Vogel(b),Vogel et al. 2023,pumpkin,Essential (90-100%),0.5-1.4,other (shrubland),other,low,25,estimated,47.2912995,1000,4,3,24,V2,Insecta,morphospecies,single distance per site,3,active,15,45,open access data
Vogel(b),Vogel(b),Vogel et al. 2023,pumpkin,Essential (90-100%),0.5-1.4,other (shrubland),other,low,200,estimated,29.2875729,1000,3,2,24,V20,Insecta,morphospecies,single distance per site,3,active,15,45,open access data
Vogel(b),Vogel(b),Vogel et al. 2023,pumpkin,Essential (90-100%),0.5-1.4,other (shrubland),other,low,75,estimated,17.22328813,1000,2,1,24,V21,Insecta,morphospecies,single distance per site,3,active,15,45,open access data
Vogel(b),Vogel(b),Vogel et al. 2023,pumpkin,Essential (90-100%),0.5-1.4,other (shrubland),other,low,95,estimated,17.8849843,1000,1,0,24,V22,Insecta,morphospecies,single distance per site,3,active,15,45,open access data
Vogel(b),Vogel(b),Vogel et al. 2023,pumpkin,Essential (90-100%),0.5-1.4,other (shrubland),other,low,15,estimated,23.13752153,1000,1,0,24,V23,Insecta,morphospecies,single distance per site,3,active,15,45,open access data
Vogel(b),Vogel(b),Vogel et al. 2023,pumpkin,Essential (90-100%),0.5-1.4,other (shrubland),other,low,90,estimated,21.20518945,1000,2,1,24,V24,Insecta,morphospecies,single distance per site,3,active,15,45,open access data
Vogel(b),Vogel(b),Vogel et al. 2023,pumpkin,Essential (90-100%),0.5-1.4,other (shrubland),other,low,70,estimated,29.24872971,1000,5,4,24,V3,Insecta,morphospecies,single distance per site,3,active,15,45,open access data
Vogel(b),Vogel(b),Vogel et al. 2023,pumpkin,Essential (90-100%),0.5-1.4,other (shrubland),other,low,15,estimated,65.48812773,1000,4,3,24,V4,Insecta,morphospecies,single distance per site,3,active,15,45,open access data
Vogel(b),Vogel(b),Vogel et al. 2023,pumpkin,Essential (90-100%),0.5-1.4,other (shrubland),other,low,69,estimated,53.26609398,1000,3,2,24,V5,Insecta,morphospecies,single distance per site,3,active,15,45,open access data
Vogel(b),Vogel(b),Vogel et al. 2023,pumpkin,Essential (90-100%),0.5-1.4,other (shrubland),other,low,20,estimated,41.34371646,1000,3,2,24,V6,Insecta,morphospecies,single distance per site,3,active,15,45,open access data
Vogel(b),Vogel(b),Vogel et al. 2023,pumpkin,Essential (90-100%),0.5-1.4,other (shrubland),other,low,45,estimated,43.8991511,1000,6,5,24,V7,Insecta,morphospecies,single distance per site,3,active,15,45,open access data
Vogel(b),Vogel(b),Vogel et al. 2023,pumpkin,Essential (90-100%),0.5-1.4,other (shrubland),other,low,10,estimated,72.29734266,1000,3,2,24,V8,Insecta,morphospecies,single distance per site,3,active,15,45,open access data
Vogel(b),Vogel(b),Vogel et al. 2023,pumpkin,Essential (90-100%),0.5-1.4,other (shrubland),other,low,30,estimated,26.44740983,1000,1,0,24,V9,Insecta,morphospecies,single distance per site,3,active,15,45,open access data
Wayo,Wayo,Wayo et al. 2020,"longan, mango, coconut",NA,Medium (2-15 ha),forest (tropical rainforests and fragmented patches),natural forest,low,731.25,reported,0,1000,0.5,0.5,30,PL01,Stingless Bees,morphospecies,single distance per site,2,active,10,20?,corresponding author(s)
Wayo,Wayo,Wayo et al. 2020,"longan, mango, coconut",NA,Medium (2-15 ha),forest (tropical rainforests and fragmented patches),natural forest,low,788.14,reported,5.24,1000,0.4,0.4,30,PL02,Stingless Bees,morphospecies,single distance per site,2,active,10,20?,corresponding author(s)
Wayo,Wayo,Wayo et al. 2020,"longan, mango, coconut",NA,Medium (2-15 ha),forest (tropical rainforests and fragmented patches),natural forest,low,1148.16,reported,1.46,1000,0.5,0.5,30,PL03,Stingless Bees,morphospecies,single distance per site,2,active,10,20?,corresponding author(s)
Wayo,Wayo,Wayo et al. 2020,"longan, mango, coconut",NA,Medium (2-15 ha),forest (tropical rainforests and fragmented patches),natural forest,low,1152.62,reported,0,1000,0,0,30,PL04,Stingless Bees,morphospecies,single distance per site,2,active,10,20?,corresponding author(s)
Wayo,Wayo,Wayo et al. 2020,"longan, mango, coconut",NA,Medium (2-15 ha),forest (tropical rainforests and fragmented patches),natural forest,low,1410.95,reported,18.43,1000,0,0,30,PL05,Stingless Bees,morphospecies,single distance per site,2,active,10,20?,corresponding author(s)
Wayo,Wayo,Wayo et al. 2020,"longan, mango, coconut",NA,Medium (2-15 ha),forest (tropical rainforests and fragmented patches),natural forest,low,1465.88,reported,28.6,1000,0.75,0.75,30,PL06,Stingless Bees,morphospecies,single distance per site,2,active,10,20?,corresponding author(s)
Wayo,Wayo,Wayo et al. 2020,"longan, mango, coconut",NA,Medium (2-15 ha),forest (tropical rainforests and fragmented patches),natural forest,low,2242.13,reported,5.72,1000,0,0,30,PL07,Stingless Bees,morphospecies,single distance per site,2,active,10,20?,corresponding author(s)
Wayo,Wayo,Wayo et al. 2020,"longan, mango, coconut",NA,Medium (2-15 ha),forest (tropical rainforests and fragmented patches),natural forest,low,2330.01,reported,0,1000,0,0,30,PL08,Stingless Bees,morphospecies,single distance per site,2,active,10,20?,corresponding author(s)
Wayo,Wayo,Wayo et al. 2020,"longan, mango, coconut",NA,Medium (2-15 ha),forest (tropical rainforests and fragmented patches),natural forest,low,3032.59,reported,3.43,1000,0,0,30,PL09,Stingless Bees,morphospecies,single distance per site,2,active,10,20?,corresponding author(s)
Wayo,Wayo,Wayo et al. 2020,"longan, mango, coconut",NA,Medium (2-15 ha),forest (tropical rainforests and fragmented patches),natural forest,low,3045.69,reported,7.69,1000,0,0,30,PL10,Stingless Bees,morphospecies,single distance per site,2,active,10,20?,corresponding author(s)
Wayo,Wayo,Wayo et al. 2020,"longan, mango, coconut",NA,Medium (2-15 ha),forest (tropical rainforests and fragmented patches),natural forest,low,0,reported,28.49,1000,1.5,1.5,30,SK01,Stingless Bees,morphospecies,single distance per site,2,active,10,20?,corresponding author(s)
Wayo,Wayo,Wayo et al. 2020,"longan, mango, coconut",NA,Medium (2-15 ha),forest (tropical rainforests and fragmented patches),natural forest,low,45.12,reported,0,1000,4,4,30,SK02,Stingless Bees,morphospecies,single distance per site,2,active,10,20?,corresponding author(s)
Wayo,Wayo,Wayo et al. 2020,"longan, mango, coconut",NA,Medium (2-15 ha),forest (tropical rainforests and fragmented patches),natural forest,low,79.2,reported,0,1000,2.5,2.5,30,SK03,Stingless Bees,morphospecies,single distance per site,2,active,10,20?,corresponding author(s)
Wayo,Wayo,Wayo et al. 2020,"longan, mango, coconut",NA,Medium (2-15 ha),forest (tropical rainforests and fragmented patches),natural forest,low,101.12,reported,58.08,1000,3.15,3.15,30,SK04,Stingless Bees,morphospecies,single distance per site,2,active,10,20?,corresponding author(s)
Wayo,Wayo,Wayo et al. 2020,"longan, mango, coconut",NA,Medium (2-15 ha),forest (tropical rainforests and fragmented patches),natural forest,low,101.94,reported,0,1000,1.5,1.5,30,SK05,Stingless Bees,morphospecies,single distance per site,2,active,10,20?,corresponding author(s)
Wayo,Wayo,Wayo et al. 2020,"longan, mango, coconut",NA,Medium (2-15 ha),forest (tropical rainforests and fragmented patches),natural forest,low,163.95,reported,0,1000,3.5,3.5,30,SK06,Stingless Bees,morphospecies,single distance per site,2,active,10,20?,corresponding author(s)
Wayo,Wayo,Wayo et al. 2020,"longan, mango, coconut",NA,Medium (2-15 ha),forest (tropical rainforests and fragmented patches),natural forest,low,164.78,reported,4.01,1000,2.5,2.5,30,SK07,Stingless Bees,morphospecies,single distance per site,2,active,10,20?,corresponding author(s)
Wayo,Wayo,Wayo et al. 2020,"longan, mango, coconut",NA,Medium (2-15 ha),forest (tropical rainforests and fragmented patches),natural forest,low,191.1,reported,0,1000,2.5,2.5,30,SK08,Stingless Bees,morphospecies,single distance per site,2,active,10,20?,corresponding author(s)
Wayo,Wayo,Wayo et al. 2020,"longan, mango, coconut",NA,Medium (2-15 ha),forest (tropical rainforests and fragmented patches),natural forest,low,191.11,reported,41.11,1000,2,2,30,SK09,Stingless Bees,morphospecies,single distance per site,2,active,10,20?,corresponding author(s)
Wayo,Wayo,Wayo et al. 2020,"longan, mango, coconut",NA,Medium (2-15 ha),forest (tropical rainforests and fragmented patches),natural forest,low,260.89,reported,0,1000,0.25,0.25,30,SK10,Stingless Bees,morphospecies,single distance per site,2,active,10,20?,corresponding author(s)
Wayo,Wayo,Wayo et al. 2020,"longan, mango, coconut",NA,Medium (2-15 ha),forest (tropical rainforests and fragmented patches),natural forest,low,290.79,reported,10.78,1000,0,0,30,SK11,Stingless Bees,morphospecies,single distance per site,2,active,10,20?,corresponding author(s)
Wayo,Wayo,Wayo et al. 2020,"longan, mango, coconut",NA,Medium (2-15 ha),forest (tropical rainforests and fragmented patches),natural forest,low,455.09,reported,35.19,1000,0.5,0.5,30,SK12,Stingless Bees,morphospecies,single distance per site,2,active,10,20?,corresponding author(s)
Wayo,Wayo,Wayo et al. 2020,"longan, mango, coconut",NA,Medium (2-15 ha),forest (tropical rainforests and fragmented patches),natural forest,low,498.03,reported,10.04,1000,0.65,0.65,30,SK13,Stingless Bees,morphospecies,single distance per site,2,active,10,20?,corresponding author(s)
Wayo,Wayo,Wayo et al. 2020,"longan, mango, coconut",NA,Medium (2-15 ha),forest (tropical rainforests and fragmented patches),natural forest,low,533.17,reported,0,1000,2.15,2.15,30,SK14,Stingless Bees,morphospecies,single distance per site,2,active,10,20?,corresponding author(s)
Wayo,Wayo,Wayo et al. 2020,"longan, mango, coconut",NA,Medium (2-15 ha),forest (tropical rainforests and fragmented patches),natural forest,low,575.93,reported,38.07,1000,1.5,1.5,30,SK15,Stingless Bees,morphospecies,single distance per site,2,active,10,20?,corresponding author(s)
Wayo,Wayo,Wayo et al. 2020,"longan, mango, coconut",NA,Medium (2-15 ha),forest (tropical rainforests and fragmented patches),natural forest,low,704.24,reported,0,1000,1,1,30,SK16,Stingless Bees,morphospecies,single distance per site,2,active,10,20?,corresponding author(s)
Wayo,Wayo,Wayo et al. 2020,"longan, mango, coconut",NA,Medium (2-15 ha),forest (tropical rainforests and fragmented patches),natural forest,low,4567.65,reported,0,1000,0.5,0.5,30,ST01,Stingless Bees,morphospecies,single distance per site,2,active,10,20?,corresponding author(s)
Wayo,Wayo,Wayo et al. 2020,"longan, mango, coconut",NA,Medium (2-15 ha),forest (tropical rainforests and fragmented patches),natural forest,low,4688.05,reported,6.08,1000,0.65,0.65,30,ST02,Stingless Bees,morphospecies,single distance per site,2,active,10,20?,corresponding author(s)
Wayo,Wayo,Wayo et al. 2020,"longan, mango, coconut",NA,Medium (2-15 ha),forest (tropical rainforests and fragmented patches),natural forest,low,5767.99,reported,59.45,1000,0.5,0.5,30,ST03,Stingless Bees,morphospecies,single distance per site,2,active,10,20?,corresponding author(s)
Wayo,Wayo,Wayo et al. 2020,"longan, mango, coconut",NA,Medium (2-15 ha),forest (tropical rainforests and fragmented patches),natural forest,low,9936.99,reported,47.26,1000,0,0,30,ST04,Stingless Bees,morphospecies,single distance per site,2,active,10,20?,corresponding author(s)